"rank","title","heat","link"
"1.","中华民族是守正创新的民族","","https://tophub.today/l?e=a958fUUiO%2F2qmbQEBz3JffyjIaW7cri4U2N3w6LAyZP%2B2Gm3hljDBHd%2BBPVTnVjXmbwaOm3chhe%2FirPNEtdxxIU%2FNhktstoKkTIv7PhbNcIj%2BbWNylsxPh194MOePBaNkcB7Zpfm92yXsLT8YR4%2Fmen7XBmpr8VWH2OfKP%2FaiWX%2BR%2Bx3ZD0JOvy6prWIchoM8QsOMdJ%2FRGKNpawN8iuOZ4L%2B8TGP9UfMHy5%2FWxDRpN6eSCIc0yDKwe2zsCqUk%2FWwZyTmB3cc8HTwsPOMUuZsFgbzrCy1DTQtEFq2oQG3qkslvHdYccTR8os2qs5rZ71fHSDtNqaHtc3Y0g4w%2BPrVLWHWH7eHsgNATeqxkYcu0u%2Bn3PFB4YX5QHQ"
"2.","泰国孕妇坠崖案双方仍未离婚","116.9万","https://tophub.today/l?e=9ae7w%2Fs%2BulMgtMJl0jSNsuXZOFVWomB5nL%2BmgeEimE2tTa9lGhMY5Xc%2FqHJftlqoOuWMC76gGQUFwsE%2Feu1R7nnAzjf2kuIrmC4ZnSCfj394yq0yngSOorcIlFN72s8ZiLdc%2FFOitX85F%2FKwLuueBNNzsbMV1nqbStV7YhGYgTJBfwuCq3pN%2FruJXvIVpRT0qOE6zo%2B6VcqwMbOFZkScSCla2%2BGcMOHgGRmjsxxBLaxHDa3sZsIz7s3y436FQRekeqhOm1jF4MFD0HgCxm1ursf7VMNj0lr9jDHTKFN8msd8bdNYnRwN52y3QfX%2Bk1R9e1PeNjXCvASUITKDjFtVaVVjEC7NEt3F0sIRLrlaHACOCPBRqBPAc2OhxCkhorBO%2FxAPdIgNq1I"
"3.","K292次列车乘客称有免费饭和水","100.0万","https://tophub.today/l?e=f2b8pmpMlYexeGidsN2tKyiX%2Bq2lDvjUuSPLys%2FvHFkVrnx1y1n%2F5QorkUUbXo4%2BtgwEt8I%2BpuPgL3%2ByUgQvIS%2BJ1WcqM2knMA7nIzVo2Ol8JIcRj7i2yBh2UzHN6aC5eJOOfUaflmh8G0eCf7fGcGwpnaZ0l%2BiCzv3cqjjk19fdeVKxJzQrTvbpV9XEIEIMy7Cjt7I1xibhfwS8sxByJO%2BzyZMRve%2FDfdpFVTFANqN4gX4hZ9juUA6grvYsZE1o%2BCzugvpYnLlvdpflKGSDEW4nncD8W41lBppR%2FtZphe1sv%2B3zvcLRyT4lQBu9ef2HwPjyHMd8dI%2FKEKZjvhfxzFRGLyaRWyvpb8WzqN4ASiGxIKgWVav2L2V7CU2J"
"4.","我国首型4米级直径的火箭","73.9万","https://tophub.today/l?e=7fb9Cgouqrxx%2FObd15w3C4etMC8a10cbvxS%2BeImQ7mV%2Bzxx87Ya5uJ%2BQCPlQQEW%2FyGm7x1mD9G%2FWfMKSgabGpcwDqQPROOWpwp%2BniPYHUVvooNY9uM51ERLFazHKgDw6Hajt0eGwn0Dob7IwLPha8thyK5%2FfyZWbGsWD3Rj6ojbOg%2Fy0HEfcQyU5GkL6HPo0%2BRiCa6yWK2ooYPBX%2FZkfU%2B18SoLi%2BXq3SBJsgOth79Q0QE6MhUOKCp3QMm2StwOqPJohPQkf%2B0u8FJAYydJtHCWpCVLnQuTjq04R7P3MfP2Q6TZzejpqLnLcSI6BoanFJpe9%2FuEU46tlLGSmWs747EUEDaQRNt8Nih8f"
"5.","李行亮商演再次遭抵制","演出 678203","https://tophub.today/l?e=d805dq3DOwVMGzDfNubbLP%2BXUT%2BlsQ%2F6W4dVbZ5MdHgLEpFuCxxyU41zhKbPp92HSGtD9nicjN%2B%2BtdF9h3flhO2wD1VZJwmt3d%2BQKsOXpQoLFwzB9OdC1QEEi35GHx7DG1ZQavb0GuneOnCjmTklYZRSjzfVBaYORZynW4wa7075O0W1aoY3Ka8K5MYiDBrdZzmbBG5tNpGXPdmMOLvuF3mdlSZxcz481ifkrD08JDEzz18h3KSteCE7gJg5jMDxaXisowIFTkG9hVB6ZYkfWqhwv3XQQPiHY2KXHokPTExfURWwj6u4mBZanYQYFmQjjutJMpsZ%2F0pa7iA"
"6.","美国小伙说来北京像到了公元3000年","51.7万","https://tophub.today/l?e=a259U%2BjwNYNUpRejizIkMKwcwgNjiZxbjLYDf4StWLSz8L5NyAApTg9Ifgy77qpyw8nVmawc7BFApFZqgvxD8EfNQk7XxptfmJPLwt2zOg%2Bxe1k0le2odNV7u8%2F9yyKx22VK%2Fy1Nb7WX6MuPSaQoeXn3tI4TCIF5tABoyYJ4gMhd6VtglMXVY0Eqyi1aoLI0w9w0gnhfNfa5A1uGgrQIWAzJ2BTavEjXONy8PQ9hbDY3zfx4MaA4e1fyO%2FvrUY9MXdk%2F3fE205GeewS9og23TK1OBypMdJZnkxX1SXkv1d1Q3ot0oZe7u3WkjiF%2BAzqJegWRh1mC9A1aqEZaK81EpasE1qCslK8RuD%2FnKUKFegvL%2B%2B5BywPooiAawhyjohIImviNwf6AU%2FEQd5BHe%2B%2BIWsn8DCqW2zDn57ir"
"7.","音乐节主办停止和周密合作","演出 425175","https://tophub.today/l?e=1e7dKvDfmmW3LNcCspJ%2BzNGPMwZvGGPSpltTdsi48SgbrvdFVUKPBn4qghBZhGR%2Bf2M%2FFLxs39hHulVCbIq5vNHjJ0rnhhQ2%2FKoi3emjww85sWZPGx48hVqyXNCC34JmBsyT1JshesZK2Y6Wh1SGLH0w5hK89Y%2BE%2FY2cYdsLtSZthZA9%2B0qs1z2VM585KDLePUFlaH%2Fen9q0ZWQrRQlMvQn0yWQ6MgsKgaL5nnQYwJkHqGd2hmZWoeuEsRnXUtdLXuv3MBI3EtuAIBRRL8CKmEbcOXNgFXX5inVU4D9Z59EIdL5ZU44B1%2Bp7WJA%2FtXLW52K4LIF1La%2BR%2F2Lcag7lyzxgCgM1rj8PH%2FLkSDWViCNi6RzNbxiiUrI"
"8.","国考笔试实际参考258.6万人","41.8万","https://tophub.today/l?e=9f41BEYhNsPGza7bevTPwz30nFDhALcIw0snEH5V2C7jUpJnQQzietjYaCGcnmHx8I6se2rzwfBNf5etcVsKhIfg%2FQ%2FZD0nOV3NOgMCQfovynCg5GgSnMKASgYMlY3hoqH%2BDRum2j%2BpIDDAzHX%2BjhI7jt8xXFU2G452udBJFX%2FCI6lV76RGEcLxatQHy5wis2UD6SwB4k9E3vWe3m8pUot3hxfp0%2FpLDd8%2FZSZpymL%2BR2xVg8sUNP4FSE1vxQ7vKXptyQiQVnSnj0AT2Hs4RUWHSjj0jvn%2BsGx1xLPy572G%2FME%2FigIUjcL7V6EQVREHSDzDvhl2ag3Uvvv3%2BmQyZ%2BA"
"9.","关晓彤给张艺兴音乐话剧打call","演出 403279","https://tophub.today/l?e=055dV2Dk4hPhqnD1u0L3H03zwLhPwYjspHplXiIp33YHRuL9xXM9E3G%2BdwBZf72HS%2FDaq3R2RfcgqCNZWVWJp0u9adJ%2FAVQ%2B%2Fog23drh9lvGCCoHoEHudtFLKxxckDYMS3USPejfOLOdDLfZ%2BYEIzopnP0EYq1nPreI3R0WFDV5I80bENOKZxabapmRmia6b9zM2Ua5Uhich0fOhB2AnI1N2iLShqbn6dl21DgiDRHIwtCXqVYwRIJlBWi41GFQkPz72P01NaE%2Fq3BM3dfY1wmWf36WQ7mBFpmRsraYzsyNX0UQ3lEbb2Oqk44uoqYUvCePFpAr5CD6d%2FQBEFAqpewn%2BUwiXUgbfrOr4EN76J7Myffe6SvwbKG%2Bq8bmW"
"10.","人民网评胖东来彩礼事件","34.9万","https://tophub.today/l?e=1b59XYrKUH6art%2FqjmoyjxYzWA0fEPdkWG7SKm7ADabr%2B0ZNHCG7styETC9RLks4jgsS5J7jbKdyv9Gc2EjBi6t6PsonebnV45wir1N8Q9cQs4QmM0CI3CfZIOF9QGuBC7yq%2FOls%2Ba0Y1sYMrOar7yXBc131k6QJ7eoXVfKxqE4x%2FiVSmkxMDN%2F5SJ7eYcCwHPcE53UOeZxAjMlLppj5fH7lSwVDKC0zck2CcsHB6bcM3I%2BhSvlZPgmJhW82Y%2FHh2BMWJJsvLmI7Szbhjrla%2BdSG7%2B%2BKUp8lL9rMW%2B1WGlL4K%2BAfvGqC%2BJgNDMMmtblUIQwEAVVd37r1A3TSAiA8uXHf8IrxURFXku0"
"11.","南京大屠杀在世幸存者仅剩32人","34.7万","https://tophub.today/l?e=a6e4wSJ7RFOtLgRDYlp6rgA2DKWksrOdiCpeRByPxmBLaww7VIo4AjK7G7yldWQw1h9wCIVEu0sjt0PDnPvSWOHELVZMTGiCL6nA1IANA9jlX2x6v%2Bq6yZC3hnCMRD4sH8uvgFDxPTnxzfzMKIUMWsvkS367vwZCoqwZWJyahHMhlEUuzWiCsSFywDvnIBYbaSkcNkPkVoZWsmUdBdHVWnp%2FsLcd3luAuBCImiVDYn1bVXsnH1wh%2F97msWZVEc5RepwryqJDcOOfsLaK24ErWARzavFDEdYzUHzBL4NiNVIX8HFJk%2F1TVzBN0n0ztczttVT6A6MFgz84GB%2B%2Fmrwcp0cfpHh2F2rzMCh%2FVqDFsY8RZ0%2FzRnjeI2YaqC%2FO8D%2B5BJtu05dVHtAW3A"
"12.","台湾情侣被曝吸毒后打死1岁女儿","34.2万","https://tophub.today/l?e=d44fYAO8CH5VOoEZWot1NE%2BRi5gBB8oubfpKyrbX%2FrBZzDXd4biQvynXBSWdfDygHktg5PQGC%2BPjeOKAJLC3N6OXRTkxoPBhKJjol%2F894VOUYc0kPU0dA%2B%2B65mLYh1aoaw0IApxnEdb7LWRXh5xTL4K98WFhG7%2BrNqtD42jHh6jiaAZh0xLpB4Lbnf6b2LoY%2BgZ1%2BtvEV5X0zKS74DHBl6c8XTorD6ELtSVx2kMskA2kfJN5A%2BtS65oVkxKL7joJi4HV4EuMGHv%2FREuf644N1Ard4mBpaBmE8ZMtMykmvt%2FHhEEgZnrA3Q8U3r3Pm1vxClA1E4LzzhsVzQMcvbKPRwsbKzWNZvQ4Ww1CA03pL61%2BrqgL%2BmCpZl%2F%2FyfHDG4LUI8o7f2TQmnvecMqHmdtMMJ9vEYo0p1Du"
"13.","天生爱豆四帅","34.0万","https://tophub.today/l?e=baaesDFBVJmXTqN%2BAV8Qb74wnlOSAImoY1GMCRbMA2dlco0Ql1IY6fefHakhkIYnjwOi2AtoBEp4ReqihmM4UCjUf5pj%2FqjKuxL9X6HE4kizeFVMiBEyD8JbkDyX3wF6ysBwa1jBIoz1Cob4TqXCMHCUl9oRLDDjPSpzweBDDOWRFflLanqyz%2FyMhP8B9Lq3xe9uKWyJyWWIEkdaKq8tgbg4%2BgIrnvRKGatDfZ334%2BvZTak0EMb1STzjXvgLjTQ"
"14.","华晨宇蹦丢了一个31万的耳钉","演出 334722","https://tophub.today/l?e=3797NeHISq0ywKjOqaArv87w90lk4QzXIrMC10cLLEj%2Fpyo3shMcFa7s495kO0Tiy9Yfc8OqcgVqT55ldcgj7NUzjvPzRhhc6gRjtNH5PnBxwitl32SvPauWKRxZbwKBc8KXxLgW4BaqtzF7%2BSGGcWUtvAFtIQjiZL5hK0Vn8ielm4UPCjS4H7OJjYN%2B%2B0rvwkAbp2fWbAE1DFv2jBxdXe38QM9eeqvyUTl7Cz177Ye3qn4F1mXCpEZs%2BbW8545AdI7xln59Xop8vaslCeGNVboNnVKrDLXrBPmOR%2FHmeGFu4yX%2FELfLWiFiM61vh4l1n3sxmQr9z1hsyUajHJAsJe53RgT0qcIExuXbvZ2L%2Bz4H4QxTPiLSqs%2BkeQ"
"15.","尾号888888手机号被法拍42万成交","33.4万","https://tophub.today/l?e=3d49k4nTgWFCUOEHkYAT7ftXiaiRuHSlr6OeDstRFt9Mqkvcc91LFu2EZhjLfUdKp%2BOPejHcxEVsBnKxkXiBmI6cyzGOrZrNHREyw5mSeFCeSHOJOCqxnOtnfYWazxapdRLDBdiUyjDhoD4djAvFmfc5T8iLwqLx88q90ClFpvvo4FE0OG9%2FVQKnE79BYCGg13RRaOml0pYSetbGHM4VHO0HbFinfOF3xDYRhpvgK5mXCC8R3aUfe2FtRL8dM%2BaqWNQa4txKg%2BKtJxIOUcW8rJPUmenR1C6DGGY1YbYsb6OpR7Urz4rTMNmT75kVe1E2RduUeQuUcjp7Ujdn29Lbz35W7nKD0TK%2FaGrfqeRg%2BT6mUg"
"16.","祖父母拒与非婚生孙女分亡父赔偿金","32.1万","https://tophub.today/l?e=73810C6KEy11Ml0PpjJLUfT%2F%2FZqX31FsVqVstfq3CuBljv1wRsC4qWIZWOml806Ww1jqmbEb8VLzDH7SyVRyS6deIukEhOjJuRT0FyugRRH%2BtiVJQCLk7LxZ2Nj%2FjOrJTSC%2BN%2B43J4W8FQmGlPnLBK45S2I1EYloclaTX04G3RxVMpsUtBxos8SuQw2pQMEd%2Bt1%2FjyXJwTU1Wr695yubZL5qSImzRYFAALkR7XAJk5xRNG1xH%2B0smnY%2BPiRYqaTaUAlXpYAy0SHT0otFRWlafnSkFXQzLEIkD%2BN3zUfci0ZCXqMoZnca12zEObKpKI19nHjUKWl%2BD8XQTSYFFIp5fP18GHZc%2BATjTSFlxN0y0PTL8eLyA2UP74z9GGstK%2B%2B4abrN4T9GRalKwybQqqUoLdAqRnj0aiFg6EWu8THg8bzjQRH1026%2F4kf49w3bb6PrMhPFBwo"
"17.","22岁陈小春曾给26岁梅艳芳伴舞","31.1万","https://tophub.today/l?e=579ec%2F8%2Fq7cqej5%2BDLsVLGxtFkHjM3EIDOInPQD%2FLJ7g6BfL6A63K2xIbLcBDn8ek7eK9lunhU%2BZsH9UC4aCd3Bn3NhNFwO%2B4UFCWPRp0ekGnlnNB9QtUF3IV9pgLyTY5RB%2FPfrlVtcWvalt0yvN6QT4v2Opy4VuumXhWusteq4Tgk0geoKSDaVDVTxOcNErkisgJQvervU5mGbvCJf2pyZQ7klk7LwYQ5AvtGDV4Gpz8FAG0kYSRTKBggJ2gQ3jVf%2FFt745nRueOtgWBCgQ%2F31ngZzKbj19UTkTBsju1zpto6DwMSXfgWdPpZU6ZIRFMi0%2F79HkCXT7OB4DGAQC5hjDk896RSL72M62jE1dL2daA%2FH9g6H1RFQxDRp7"
"18.","虞书欣95花首位超话钻三","30.0万","https://tophub.today/l?e=f2d631O2ZuXc5dfEmq0Lpi59TNDCA0cKWLmC5pWxPzmejxlWobtl%2BpfrNkL0%2Fx3TGIHqpcP5t%2FVLuqdPdkP2mCkO2bagI0XNy4OX6w5%2FsxbalSU9zODsd9ioGU47PI0HUGAtM6rYmkTCh6%2B1leOVZRnVtl5XFLuVCXtTKDRXqh4zJakrGvNPH3jZcMajOJW5RdcqG%2Bi1VkqQv2XdX5X30fc5HY7cBb711dOzT9%2FNHMQ5sO4nXW%2F8q1CMOOiTZTs399%2ByhOm7sJz%2BJAuj0y7ep0N8akP1luB257vzf4u9lgmOGU5sTvtiWM5xSvMGwXMimVqucBILC7u0B5UyBg"
"19.","申论大作文","29.9万","https://tophub.today/l?e=9d89ZCtLnmKUdembUUc%2FqTyXrnbZUGlYajGp4%2FPQQWxCyrxuRStjQPJrSIpNt389grpE7KZWyVRdmNQ3DW8VRpvpNQc94ii2jc6%2FIFGuMCCoPyZFWe9Bm6Pdjis6uP08UxjtENgW5Eh7HgAlq0iYa2er0Q8%2BahB1NS3KT2DqbTM%2B%2FkCL2kSfN%2FXXFmKeM5z%2BwaUzSiuGoo6OGmrfscBa2%2F2q4iquLrlOh3H2r%2BnNvS4"
"20.","孟佳二闯赛里木湖vlog","29.3万","https://tophub.today/l?e=3219Md%2BWpnX9jSXXqsUFRPN72k7%2F7BhQmPF9AHZ9jEq9FG2d6HqpZHrBcqNGebwCnqSFGK2byP3xBYQKE55jWGZXBpIG%2FAiVJzuGPULwyDc6LXvMAA9y06GHDAvatsV5Z7C%2BjOE8vN2uD3hre7Fylpus6Io2gVavmHWBLDN5sRpV%2FybfoQLvYSXwW2vJlh0Hf5Z%2F1p2yGeRH5Jz5RsPOCB7VLVQo6yT%2FT7LIMZK%2BiIVq%2FiMHHBOmdwZ6YY3LgXG4kSgS52mD5pawrmeNVOxeHs1%2BEylZgFtcWZxZDn8PcJpJ"
"21.","男子花高价闪婚不到十天新娘消失","29.3万","https://tophub.today/l?e=8243Kxug8VNW4ulOHtcFbTG%2BDLIkkvKfva%2FzfsDjbQ3IYIvQQrE2ZSq4oZlXR2o%2FEqJZJ6x6qy3UWrDus8aeVZtQOpjk8gZxZLVm3LFz4OzoD9xrrX1HMoRpqor%2BQ%2F33EfRe788e%2FGpcUX%2F8VL3uA2ZVTH9uVL8tOx7KH%2F8XO3JUJKlz1wypqvDJG2uj4ySldsKdFBmZKAM7CdbJZjCWnwg9%2BWXGLqgY4XJsj2zCf0B5T4AwgIS77K3xbXlbw%2FWUDwsSxujDesSXXZnR5dd%2BT1QKTqceXhRCrgbcsZCmMztMUk0gB0A8hi4hnEloJI6AMdM61RH%2Bkiz%2B20MAQaPPgMxxVnlLthVStFP1UHyZ%2F8Ki3DwhiuSPT2iZwJWDoB%2BV9e7DH4UAeWHNr3AwZdRYLanmQaTn355d6j9LTtDYTousLgBzzsE"
"22.","微信提现可以免手续费了","29.3万","https://tophub.today/l?e=b453PjbYKZ4HOWZTiX4ICWp%2BiV2FsZbJyiQUpE5D3K48RpJq8P%2FnhFsV2oVrY38EJgUqEiHP83YLkhHBAFVTOezco%2B89pKJxaP1AcI2P0kRs%2FjDj4LFOSaIdQ7fMsAOSYKUtZkVZuMvcJj5UoYNaDisODbfPcqeTwCeHBs%2Bov1q52%2FvgOjfS25lBKsUkLb8TWOIph6uW9VGL3pPZAQJaVRrCOGb%2B1rIPxlr3E8j%2BFw0ieB3TIhNxiTHZ8Pri0nMuv9%2F2%2B6k4IxgsYNfT9GUIRGlRdAiUHvO9jyQux3TSKy4KOnbisTqr9yClAu2a%2FHHaRJZuvHoQj26LTlJ8jhvyYrfgysLbD%2FOFAOo"
"23.","北京晚霞","29.2万","https://tophub.today/l?e=10b5z03UAGOMYeg36BFk%2FUTqx94GreLEDaEJGe2nIvxl4%2BOjguuX%2BctZQhTMg50Ct1EEkaYObQjDXqa2Vj5YcuBk7ZuX5WLsBBqrL2kyQUsGvyOVf6B4%2FQ3ORSsbryw8h8kKz9Q7PBgcN7xswu7pOCTTAC2sRaiIGtPJKkV2WrRV9NV6Wz2LJEZR1CpcswSuWxSrNrbyPGQVRj%2BSEW6OW0U"
"24.","老人摔倒瞬间大哥滑铲接住头部","28.3万","https://tophub.today/l?e=e64bGOMkzK9vqHQ%2FR2p98QyPpHNibzZUJGYYdzlgb3osBmNsWE278uhqcmJrAlC3j6zgJepPurA8yR0TiymHBaFBcVZ73fcvCsGPaF0oXIxtqkpGnsMARUxRwKoQn5uNtEemItO%2BSmx0TsrFRr359FD6KzFk85dJp69W5Ik6hJqS026uNggtVO8DLhSgN%2BgsjonqvZ2iXynpEu4VBDxlYax1BMHd4zMnk%2FyxDl9C%2Bn7zk4ZVAOV95zPhL4i8cHwF4SVT%2BPB4TxXf49SI3iQLONvlM3rnVlObSiFrEMYfKAIhUxq4auJgvQAoxpuEI2rV%2FutCGvPiKqI6q8TAVKA2Z%2BXahjh8X1KjcDqg8L1Ywsc7chRT88f79jh0bk016ksFIXAxBc9WDJCa5wHb02ceoU5bv79hN%2BU"
"25.","菲律宾一村庄村民分食海龟致3人死亡","26.8万","https://tophub.today/l?e=e36b%2FGoQo0ggIz97LT54Law8z5LsFpP62qVS8qkX1llTMmBds91IEHwrb7o0oeHjiTS6Qt0wlOmVeajd4EAyT19dR3RVAAkHhya6IbOzQvtnCny%2BqysbdDP1WrjaE26C9su3lTQMd8y6QaL887%2BuIMjUi72OfQNW5RleSzXd1C4cSFrH7IipFcfXmbwlyUg4MV7WNb99wlNiDHZ6DP%2BLqyEPApMnAs9wuAisYxHcGXo8YFdR0dDHvkn9WD0xN7twM4V5BEpBRvnXbIvcFVKfPnzJ1WjGuRTKTvsWeWuzPnH7cupuvyXFlcfeGVWvbCaImf8j1XwSnVBFsg2azTnSEOos4RPVWZkip9Xsjjb7u4NAoa56Dy%2B2LdY%2Bp%2F22T5CPf4wNX%2Btz04C6L55q5x623SeXaWAZoe8BrtEMM8CO8pmXVBpvKlK6dN2J34thdIkYlmtUU9AO"
"26.","一诺还是太全面了","25.6万","https://tophub.today/l?e=3b59fJXFkslBpgf1sKWiAX%2FhlMNY7GAZF2pLzBTSCwgoM51D9vWMV7CvglkJkVehkFct9G%2BqB%2FweHrIDGzWgidUWk5acMYDQwY8HodECdEgYJwFmkatK%2BNVzizjfvf1ouU0UAGuVVHonBaW%2FFppWIM6ve9Xk2xDRZTlXc6kvcOozfpPX3viyXLFeO3k%2F5vzJlj9fSGlRn6rYCRur3ry0E8kQ9RQDXF1X5ZcoE4JGBKfZ4fIosg1ky7FWpU1y73PGbwMn%2Bb5BsBdJDP8TD45SRLEPBNmW%2BiAlBjtrvDM"
"27.","王暖暖称俞某冬向其索赔3000万","25.4万","https://tophub.today/l?e=ed4e2t03SGFQ4N8Fm8Qs9C842N2iUpYZHaZIfixTfC6sDghsjhM%2BBAX1j87h9BfgXTsKuyGwoay0aaJfkQ9hCC7kLIkTRZpi0V8YqZeb9wRoXcYMOJaNFQePBerSsmFiGCYW0W1piCa13kqf9X6fTHOzqZ2BbmIIAhVmKPpECKGXDRKkyWVOEInxTzTSqtchHRg0DMFXa8LXOZ5Iegao0jwZd5fDQ20f0R0OyAkMriUfNfkVTPh7RgwHveJDwghUcAviYlDw%2FWpd3ErapATn7eBK0TDKrZCUAhN3LSaSOiUJOZqFOvyFG8ZVbJdZYndtDrfqhWdXKQ7Mv9U5q7f8ngRpsrosw2NUEp4P3HkUpSN3OXC3%2B0tOL1dGZmER"
"28.","17岁中专生被7家企业疯抢妈妈骄傲","21.6万","https://tophub.today/l?e=27044BaCZADsVlJ%2BmXczZ1nfXAZ3UCZq03HT0eqrq1jxNwpPCybcxfZJnfxL4TV1%2Bl6VVW%2FN4xlIoawo2iGbR1J2j%2BW32T7sn3P2jSv7Zo2QZvZSe7wT84EsVssvEW2egw8b%2FTbpAzD4LYp6eY0gO%2FK2AOXV6Uop0bS8zJtgtWIWAugP47qHZf3nE%2BksotlztaBWDLSZUUbL2QoDzGPzIOr%2BlPxy99A7EfUO1HECoMv2IqEyi8kcaKdi7WvK4nCy%2F3Zne66zHzmGgVbbaoGbdfOCp4%2FtB13vTOovkcD7sZFjosFeB5rKh9EWeCtPY8GpQ2DYJ8yZgOFaX2cyefgrzD6ewwQL9QULx0LmrO5KLVKmeq8JWqgRncWwrryvQkVlIWoLGygE2odYd0V%2BP4MdaWv%2FR3d5%2FLNi%2F1k"
"29.","向佐女装撞脸张予曦","21.0万","https://tophub.today/l?e=d7203vdtBGitxnIjoT0Y8qVWFCRjWSPNW3vWV%2BbZaVj2pWTy2tKfWKRoJkwby7gXClanP86isFCccvkyaktvxIAmjQUhktaDgKiXGSAqdV6O0qMIX8EN99zZ2Ugg8TwQIXP2qU5JWBvmL8t5ZVtmfeRI8lqBR3R46Q3569pskWYqzE8xvNoE90qC%2F4D8mVLKcVgGXIUZlSxOQcXaqiNtqSLr%2FYF3e5%2BKRj2aCtxLeC6FrAbsuMNGVVnJlxvmkTbkusKD1a58rwJaBozBken42C%2BdK1%2BwD8kOwHXhmiZ2HtOXXbxCOtoc59SEzM0"
"30.","赵露思彭冠英吻戏路透","剧集 189281","https://tophub.today/l?e=936fC%2Fg%2FGqg2pCyvtkQbk9QGdri2UpKF4W56kFl731UEPSVQdNyfmcUCDOsQ88ptT8smE%2FOY55UA%2BGqctZurIcKUTr5SDmxRZRhc12VH68W%2BU3Z9Kn9lTqSxUsEETH6urAFjXfrKdRpwmZhftxfpCcWebqkCiqkwd0ChIJH4tsDzY2Ypxd9HoeAbnJtAQqmBJjfh%2FBIYzdt4PjeLaKm8seO3Uy1tN%2B3Yt1j27OwUa05bCsQ4fE4P9yPFtPla9fzl5OlPL1%2FUL%2FDG1pQyts6dsgc4Z%2BfUbe4kB5%2BQ9tyNAtjai0W7LzhL2WFzL3O307tAO0cRqI0iRzu6370"
"31.","迪丽热巴藏好了吗","18.9万","https://tophub.today/l?e=8943hKMd7DXIdYIead3TDmtB70ZXHGlsqqL0XJ0JaWn0x4aUFtmMN6uILBRptBJJ1wZbYHOxJUh%2B576KeY90QJRcNMSuH4tF1UNTKygDyvKRhz%2BuDL6Yil3b7hRncsAiuIGLJo5QYF0VDqvbPvqpTB60fPm4a6CXpUcQyVnzixR0ExNRJHqPco5AvkCYy9LgzCBPbR6apWndZ7DQE70bGO6fFisaJCZEeFCn6wqu18FIAkoB2jRSEa15l%2BZcO5txmoOJS3OBblK%2BfuBOlRs%2FWYO%2FLjD0r5sfmpFi7i8"
"32.","生完双胞胎儿子又再添三胞胎女儿","18.9万","https://tophub.today/l?e=c1dfThlUQJl%2BKWTivQLnw%2F4VVxQIw4pEotn%2FgqkxzruwloOqPNKaCfBOvBBU7GkYkkLUo1Oowiukksqs0Fhaa%2FuvaGr6O2FfU9LWxyPQ%2FQUIn5VVM9vcB4D%2FKG1pJpAbX0qI%2FfUy0b7lRwJB7Cyw9wiatGJDnnK78hIyI%2FGq40MqmgD4vfAB0XfFP%2B9s6lbZX0WmwY%2F5ws8dCnACQ8y3OsCp6MH3MZYVluTdwrrclryWVqELXzJnEuGlfWovCcCVUkWSKbTmCs6lO2kSU46rFuHS9yyjDHBeQ0fUNgkSwYmZRi755P2ogN%2Bj1Wb7fpIwuOunm7TuZgpBk5C%2BlPyN%2BVnSDXKsBdk%2BCFzmzvCMbLrgRG5d0CvWMNnYm8CS3QwG5xbSYMZ%2F34h0kW7dgb9gtUOwSV8YNMjEmdS2j0QZKvx5PUVt4Rg"
"33.","思念水饺回应速冻水饺中疑出现烟头","18.8万","https://tophub.today/l?e=0529NqvVqeIwY8HeegIMwygQhXrMQ1BaLZxf0giotmaxS2fMoMeazBy1gy4J2hh2HcGmGriucWIflXV5%2FST1obdYCOlfwZLu1Pyg%2BJpSaTMdF0bT8X5GnC4y8g32w7HSrCio2y3ML2p2M7WjXm0nIQQXioq1KpytUKtkxfrmD0zspGTK%2FZ%2BoveBlXtu%2Bi0tVKEukOudPY5qtOPNsZWJd1nSsdxzZLRQJ4dBNgSprI1xAxp6RhX02Uu2xaFVOIMZrh6Z%2Bzt0Gm3N25MHrnVEjHpLInyMToBHtBoYXVCJK%2B%2FMtUYmQgmqaAQgV5gGRPHhlfl3Hvf8cM4w5KHvbhsMwS2C8jIOF0g1l1FRGvQMJx9k%2FwZp5OVwgBiIlKlVvf%2BQLIM9aJlgkCdAqjMQosONJH7VpURF57IqhrCKbSbV0gPAJr4mPjEVUVK5R3JyhGdWWVFkiFpU"
"34.","女子麦当劳内咆哮式辱骂一男孩","17.1万","https://tophub.today/l?e=89f5ZUxdSnR2kCw5EcjBZh1VahPpjbBbEW%2FFSqje390hL3eREBZoXkHzEPhISlThryxsCzoXAam94I1Soqg%2BBR9uXvQnVHmIChSlI%2FefoBXUtBxUzcc0%2B2tc%2Fe80jtr%2F2YLj8uE7zaPRRmALyd%2BNhQyu9zDo8qRJ1%2BA6mY2ZKcJmLwTZ2XjGUbV7GY4oUy2i3FHxY0P72nVB9KDCu1PVjtR4rykrXc289a2JjZIPuvWq%2Fz02jG1Y12kzstJPDh51FzwF%2Fi%2BiTVgJ4PNazd9SgQ%2FMtK5X0pRh7uSKVyMf82IooUZhbGEXjHjl0n6F8Yxv1FO7a6O3cf9QmdJu%2FNOFi32P%2Ftel02yXyDUxp1t6b2RJndLYqv%2BSASwhu9MSOfvOH20%2BWtgXvw95NQFcJ7a3Kb7ditu0nbw"
"35.","鹿晗拒绝放十二月的奇迹","17.1万","https://tophub.today/l?e=41ecWqGOVK4jlIgUtSdj4QFLcBY5KKXUb02wmpFp30r%2FUkE5tSZYKLxuhfmkP6DQTURbvITMBMPRA%2FgYRgC3ZWpPoT42yFUc3ICW0k8krTms2c7hECZXNJCWwwn0vpmcQbN5v3U%2FmbqJt%2FYncVpYy6AOa1KlHrnF4g%2Fsx8Ot7MQqxSD1UTFEICRNeXjPre20TIRe2BmZIrv2q1ipeOzuzU2z0feseqEW51Tcjvl0B7ZIcj1wHJvyAs3Wuw5v0g0QnX72qRfoHM2gR404rOz7jb4a3KYFfSJu0spjYOu659dYhrAhr%2FfAdH41%2FKWgweVNj%2Fy94xIWjWIQb%2Bw8XiSVTX3WIrh7lFuB0OU"
"36.","T1输给越南队","15.6万","https://tophub.today/l?e=2ca7icedjBIhcqh%2B%2B4gM8lSd%2Bko9%2BilwJhFNYsGvgXv256bKUamVsIYmVsCsVQu9BF5upPg1tOS%2BHz0ZPfV7UfBXSf%2BtbL1kP05xxyH%2Fm2j9XG%2FE5Yqc4VAmFrZfgDleMTFgFLR9YiBwon1EgdPneTYhP8edNeWPzCEKp2JFcFm9Y2k3AQ4u58Dtfmmfv%2FFMZx7hyz9zT7qKg6z8LN2N%2Fb85PjdpM7K6XiSr0bAaKXKxvA"
"37.","杨文龙世界杯季军","15.2万","https://tophub.today/l?e=2638lAXYjNSxo%2FvtLS2I1I%2F%2FkmlNelqLKXZnSbkdoYdgBPmsTMOFCFLbio%2FRvP3%2FdcJ9po9sOy0MgV0mISZcT0D65A%2FBs2Ixiwf%2FYl964L5cl0G812yjQjQRKDHe3eJv9ZgA%2Foy5VhR9GRIdBSQl4lLJe6pwORXa13X%2FDPbOtw4bt3nWMtg29zG2rX%2FMp4vDDDilPAL0Kkyd4Wszcwvh3hkd%2B0KC73%2FqNSWhuhluegHD%2BiEX8otDU9vyX0eL94NssYTthbqUhrS9KlzF%2B9tUWmCYuyTAJEU0PhVdqLs"
"38.","国考 招裁判","15.2万","https://tophub.today/l?e=aa6f7ycu%2F%2FWwS%2BerZTpfXUTroTcblAf%2F0zayDNr%2BJlhMJIgNWtH%2BiyfL8%2FF%2B86x9AwozmdKy0myODU8xerRRzWj7bpw3OUkBuILnIuElTDNZLaRBYJWCA4EGt%2BoHfZ3szZCyKXEN%2FyivncXBOSBY3bD9CrgK8lQ9nVjffk5CYU5SebkzZ7Yf3nPlDBCZPGIpEHwVVGhsiqVDD9r7sZgzFhPw2IexCj%2FqYO%2F5G3GxMyjN%2B%2FQ"
"39.","莎头组合合体","14.9万","https://tophub.today/l?e=0903yPGnOTpPU4FUFs3XDxkhdpndJYp4FiqRDex9%2F%2F0qWFB42j3eKlgYrGCBOcJQGd1FooTOGbkFl1DBqiW0ntzfgpRAijuNqpdcksHPSefj7IWyqBk8%2F0nWmTxtsdsRaMtiRC9j7fzfF2cb%2BqrZB5UkFVRAorwkjhC5ttInl2BbdbkDvHhA2IcSFsXa4Ptepxcn%2BfNKF0W7r22xDbeEGSoCPEW4uDSrWbXhnZVyjZHVbvbq%2BGBv%2F8c8ocEmiL8"
"40.","小伙捐出日军罪证2年后还在被网暴","14.8万","https://tophub.today/l?e=dfb7YUU2Q%2BhXgLA36VIciy8dVTL3lWz9k6zKalEEnfm99jlpFJBLB1fuguOWRnmgllMMWE42Rj5z9%2BvXiwQ%2FqKe9lcMHyPR%2B8qZycFpQBugIZG7gwf4RU%2BRmsoK4sSuQez09hJxfxuDDNyVoQfU%2FjDd7lFJR2MSEbY1Im89dvht9bi%2FEfzK3zRQvQ7NH%2FL3zULtqLvxR6RJkQ6HTlNH3RHxpR4MQ6SvYXDtgQW4zdt7%2Bo4VU5ynefj%2FpY3DOtTuDYs3xFHSVpBZkAwKrsYMSrIPxCBUhZfRCcmujNVPP7gEOSK%2Fny26ibibl0nFYWf0UcFcgQEIvXoP4AUV3E24JbgJKkETJ%2F9zv6vhn6Ouf2Xi91xY%2F03akoYDfw7Yd1%2Fr6zDoeBdm8RRLlvEf6rqUrdG9RZLzYmWmbxno%2FaAXUrrWS8%2BWDHL7g"
"41.","女子将女孩堵电梯里殴打辱骂14分钟","13.7万","https://tophub.today/l?e=3059X1Tt%2Fz7lf1Pjv6niXlIpS%2BGfsTh3qYOL%2Br34Oe1k%2BtatU7GJY9q4ov69G9%2FO8n6Un1CUt9Wo7BouLbWHWx2nao7I45JjDI%2BjFsUwfZ19Z64VjT8Qe0ywT5%2BR4DsPDf6H0%2FUwt0nyJJisPL367YnSD%2FBp4Jh6B7haOQyIJGp%2BA6nt1d4%2Fke4MEcDbv6N5ZlFSfvBCrpU6s23MmVRwuRFEY2hzicOLcUzzQd8BDS%2F721%2Bt7kStmtIvL2untmNSPAskApy9KZcdvPb%2FJXK6zcEI3zJ%2BKiMdqxadgSRQGxnv1n%2FgFzxEo1%2FbnnI3K7ng0wa1mG3N7L0g1TKzTYKMEdwaLZ2tWP1R%2FrUY4gvIGhB67JijqCVmhtdTkrnA2NHYhTYvGmG2k%2BlQVCMBqbUCOurdyS3rtGQtm0nVbxzemLogCxlZICqsvg"
"42.","好运家","剧集 128575","https://tophub.today/l?e=f80dCH7zoFrLDliGnxIu9Ng6WGJsy5D2Cujom5O2EvcLS71WukHs66w%2FepbZrQjr3GnyHWRteWop844aZGqY%2BanP2YL841%2FTPDjr3C1xVVprorWI7DJJCEgbKMuRIHhUR8vY%2FMlx1Ln3JX58tGh0CgCpPlumcGLEMjXDAm1f991B3zVdBXAVLm2jcojYaofi2%2F8"
"43.","上海127元一荤三素的快餐","12.3万","https://tophub.today/l?e=e9afseJLmPfh%2BOBP9XyX20axrIl%2Bi8G5OqmSSNdFdBJivSx0QSKWZEmhecXKaJ7k5ZMNhQeQqKvyzYOjwCFvZhKGEhNnKvZWhEcxsKd3%2Bpcz1BiOYBso2ts%2BYw%2Fl%2BAeFiVSpmK8ebN5AUXO8V7O6xAuahrpCrJkkGLqEcaxHgQ%2BZOA4dtxErV0UZwSgSTFa7eM5f7mBP%2BYsyZ6l74wfeRrNxo0NF0j4T9pKmgfmWOexe9Sj1LLXAAMGQ7aXGi%2Fd36ycoIqGJw4oUNqWYs2XIFXK3KEH%2BgxJPJCxtzwheU0R2z6I80Ys3xaQ1eMH7HM1LkqU4081nGaMwBhdsDTw"
"44.","申论 互补","12.0万","https://tophub.today/l?e=b68fAzNJS04a0FoBuNHWq3V3%2B3jLL6WMT%2BlqQeV8WafVpTY%2FurswHmsDA6H3jWcQdnGJGjqjZYQ0UCfjpSOjtjPAEjOAy7tZff6ImqaIObZqOJTsDZqMP8IFV2Txii%2FumieqYNj2U0Sp%2BhwXTIk%2F25rJLZo8DR8eNFt8V3ec5boWKy4wKdq%2FT71YrJKNBHgKgop%2FB%2FGG4n1aC4LYxgYR2OyND4k"
"45.","李胜利疑似喊话向佐","11.8万","https://tophub.today/l?e=bc48Mizj90iCH5E1o2aRJqNZo5phHIx9Gj4f5Pi06v380KhzBr8SL44jgBhr1PMSFyYU5WFwt72Y6fCd1vcGFK3HkQ4C8oCGVT3FRgJnvzbBwiSDnNbrQS2OAFf2UeYVcQR1zT6rO%2FbVubYU9u8H%2B5Gs9gsMgBZfzQw0bFlyEuKu4HKd3Zn0aPryLg%2F4Es6RvWGtPYZN60tP2EsF0Mw%2Fs%2BdfJPZr%2B86gL04eQ6lYIB2kC8eXahOGhhREE9E3uJy1SLKs2K3j%2FPdDZSVMnSvq1T%2Fqxnm91thTxBJgfWE8ur2eOxDRoq277Kll2x8"
"46.","薛之谦悉尼演唱会","演出 115580","https://tophub.today/l?e=826eNtZncxFZw5k9Ys3pf2XC9z2fgOhqagWilJfbr%2F%2BVYDAHrTH6hFbSobuOboUePBggQg9Sgl%2FDjtqGT%2BbFWfVE0qpSCE1wFOY0cXprQvw6LPR%2FdqgnT8BkKhHUytFD8DaGix730P6eS5b3eXC4%2FfqvcgmZMjhmjL%2F2tZMYUacSvd4xJaRVtwQoDyKnYPL7%2BELFZvZgWqo9m3Xlhng92eQMVvVTB%2FXJZGN4YkF248fIYtCLEWVyTHdg81qW1CQcqPQ3dx%2BzIBOmJ3cQryi7Zkxssxdb4IusAvn6uOI"
"47.","虞书欣视频在卖什么关子","11.5万","https://tophub.today/l?e=a730dCxe01Csw%2BDVgq3SoWbvE8HlLJUR3qDtOprUaQwRB8z5x%2FBy93TlcCo714pgr0%2F8P5Jf1QDkgK%2FitVDmDDLWtH5agW99uV%2FhJWxWMpSBrDOB9DF%2BMI7X8Y%2FjU2Sg83cu1874Oabw03n4KU2x6EJ8dfgc%2BCIHkIRWKFECJylZ3ilAzufhv63WC7kiW97SlxpZic6mqoySAKSgPVr6hfg146xENyDfFY%2F03lJEScVAuwtCeGCAPvYSn%2FhfbH9BiaH5jGB%2FBux2QGlbHrnjJsN1NazaQisFaDeuMhX5ZNpnhOsrdpY08cpbp4N299Yfd6Aj7FdBe7iIaAu5WcTNINiWfGX%2F3fsxCFw"
"48.","第十一个国家公祭日","11.2万","https://tophub.today/l?e=c223PUhv5cFQEBQL4mcMhYohajVBFUUPRrd%2FdNKeuHuhBV4eDtaFLe8r2ze5anE7fY0056O%2F0ym89qNhqlqF%2BRnJKqL0T2GorQ8QAv6HM8%2BrVpsWmVmslhfzYyp7Qv%2FY4JFzG3miCBJ9mzzhr42ltTRq%2FoXomrIMM2cyVK2JdF6H9b40AhKXd%2BUld9k%2Fa7QVwPFF%2BuW4XBczeEgESBP20RRpa2QgzPrUXulrO11fXlTbulNDMUOvC6szaFV3jtmJuLZsLWPTQ5EFVapSPrq5n%2FBvZB8b0%2FezeYXz5cICfn2TGoADOnF0JXuFJEM"
"49.","张远演唱会前排不养闲人","演出 111360","https://tophub.today/l?e=5baeRmVOpNT%2F%2BgyW2P3xAzb4J74RDLXHLspJsfe1rPJHuSDf7jgPgKtpKoLcmWgeGjKta0ytFbDtogL3cfotL5YUThlWvXYdwoifEJDtcBZ29Ysddz4xmNa9hlsHZ%2FzkSNwd%2FU9Xlbc%2B9rbnvepUEMUrIz6vb%2Fgfe6jBhdU24bCfKsYpCuxEH%2FS48yTLTbYHDiX7b6wI6F8VofsyTvy5M33QryUF0vGjoY%2BIIZqyjw54GhCf2%2BTzmp9lI1aYbgIXaoVErrEmSbs0G6ilCNsicPyfAZx%2BKXz%2FWvH5KQ%2F9vWbbTmtF3HYKe4X2B0BUJZIp5TcWi5CFwCP%2FK9glXUPjnHZwwDqmylJVY80"
"50.","潘粤明年轻时好帅","9.6万","https://tophub.today/l?e=c9feYH%2BZZy%2Fv0qxNffbC8eRQ80nOsKGaKRZOATbn34OnjTU0qJYWoUV%2FptwgUJICKQPK97BSrI8yrrqekvlBA0TJoCelVY78g4Ml2xlxUPt7l3FzwI2F%2BQbaDtjsYPDADCprxTZiPdrZTRiXo5HHnd519OmxkDcZbZOOHoGPieSruGU446ja4MS3RSPXzhqdK96xZmYn0hyOGcr9Vxb9pJrvsm567XmIQ7p4jsxHEyxJxmFnm35ViKkopTz2hJDA%2FYltV2HEQH8eikrgqxiys8g2zWUGRV5owaH2yoc"
"51.","祝福2025国考生","9.3万","https://tophub.today/l?e=9dffUJaV5UCPR6D1a3yfMM7tLIGk0ZA%2BEmv6tieVzO8BQ7Km6M4AzVougje%2FxccH8fd4IGdXWKiirar6jNwzD6UShsKx7GoVZunBG71PuSPsm1oIgxCsB5ozs4vvd6SRaPn2Nyq3lda1vD%2FuqKfHMFgFiXTQdNjsX80TfkRq9DB1uxCV9V0moOsOV9icL%2B%2FxH3SZPgH%2B1Plels%2Fb%2FZIVg6hFdimKHHmNUyEaxVBchtU8QM%2B8"
"2024-12-01","孟佳二闯赛里木湖vlog","29.3万","https://tophub.today/l?e=143buEcWNKToVQwP0l1V1FvoY%2B4SkiGLQ95xmSRhZzjNxvqQPBvUSb449gaWmG5CiEsL%2BZzPegTbu%2BxaMUJtRrNiEsYg61b1Cj2x2gi3WmCEVEg2oK4vfa%2BqpzlyI6am8Iuao0y4S0W1HTiMmX5EQrp2xCCn5a5WStjgy4C%2B9d%2FWjlODKxl9Eg1G5bNik8mKpvquv50LD5%2FaJeHJwxS12RL%2BkaU4ahLCi8iIqq%2Fv7own3MZb0He83hgsxP26pruMkhzdq%2BWczD4va8lHlx0Yq9xGTb37EtHvpsfXsFh0CiNG"
"2024-12-01","好运家","剧集 128575","https://tophub.today/l?e=bf040u5yagwljd%2BgQiEXspm7pxuuXe5%2BOO7aT5NO%2F%2Fsg%2Fc8PmFMEv2sDTXhXn6DIuF8a37E8356trjTDYA6MoV8LDHdmivamXjM%2BXoDtyXFNWrK1UMB16ntmymSVV9hnxTn7nDoVQU96Q1eXfQIbqmg2caIj68BJVQ0v5Hy20u2u43GxEAV2pPTXFJ%2BSbq9g5W4"
"2024-12-01","杨文龙世界杯季军","15.2万","https://tophub.today/l?e=14dahmL7Ie5bQ%2FRUBjIXl5Zsa1VC6hKsHu8Nzv8ic4FRAnrwdlWhrEc7ZCO77gvof0WzKagyr62bxEaf8TOJQ%2F8GR1XLk85L5eP38CRXqQzucZTubPoQfamjxA%2B4AVOb86yRIJVicsW2e2hMuce73FQvMRlNN1ICIcFLSZD2OE5Oic7XbMpMAaSkK5ghzfEsXCn%2Fw7cenWLDaVd1Lov3Ju9HEYYi4IwXa4UkFuo506x%2FPLhSDpbj1ht7pNxbCO5keV34HsMb97FBfdQbCLfH%2BeT4sdIBkemhStwtgwQ"
"2024-12-01","男子花高价闪婚不到十天新娘消失","29.3万","https://tophub.today/l?e=bcb0zlhg6ywgFIeaFUhMJDDhM6YhhUxzEaCPesbv3XZdkvf9A9oCUDZuFL%2BMJVBC6WaO8XT2aPG%2BatF1gq1i%2FSYM%2B9%2FbGkuDBxic%2Bs3kIogQb%2Bb4crwTBNXHZ%2FcaOBq%2BVkiCT%2BsqfvrtUnQkc3Hddb%2FLrUL7Jm6LJCybZbmiNzUv8w9eEbNyNtTIEZOTEbCLCTIXPxvgLi5jAlBELdTCtP8LJOCzkmF4xi5w4PscFWz3HXRL5NfADs3M%2FqEnrbN5aHzlDbUz0A4vFp3HymwyVT5omHH4gS%2FfWAr9%2FaGtyWc%2BKeebwLgCdbhRYtPCqKA5cHngXfCG3VYc%2BrQrT%2FJpz4%2FOrTWTVwSey52b1msUSdwmznzUoxX8zukPezCAp1YlcIuKljWvksvPQRhbJ6JbGh9iYaz%2B8LCSIGMfk%2F6JC59R1o8d9Cc"
"2024-12-01","第十一个国家公祭日","11.2万","https://tophub.today/l?e=deceA%2BDqRz0RBc8m6Y8pldgfTR4iFsZ2YBIli6pHj6%2B%2F3ecpuZhrm%2FMZGvz%2Bx1RyYM7y%2FQRx5BBVmNwm%2B0bXTtPdM2k%2Fv%2FSbJzEga8uheA7aaz79WoxQIn8gxuKS8Xt9uzNonYjrBr5KYEl6XhzE%2F3bajU7QlRwQVU1FWWnW3FD7q2cbx6Cra0DsjN9%2FiphDnyGcYqUtk9qLpvOITcJ1H3qgwV9Be0SmPabcJ9fU0Zvbravvqgi12%2FUQ4fcfKFhEvztO2sc9aexgURRzHZjPD8ZtU01gHTPtZczwvzFiTAIEE0%2BBZ8CvjkyQTag"
"2024-12-01","女子麦当劳内咆哮式辱骂一男孩","17.1万","https://tophub.today/l?e=23f9pHW%2BN%2FYgU9en1hOIg%2BOv8Z6cPV6VKQcvE%2FnAsbpss861RYa%2Bv%2FKpK%2BN91HXLdvQaY5gvC1b1zy2C0qaUXgk4J5JqKIG9VIQTLwGJ6kHX%2FdJaX%2FF0ENbmBFqcta0SNXfcu1XQuUIGmPJM9Liayetn0ze0DZoxsmO%2Fwl4VpqrRkvmYlmFH9%2FbIt4d%2BL6uTLnzItvL02NytAJgoG6wpZmxsxzVkRJpmVOJiji5w%2FeoCNYloC0kaGcmkmhl80fvwRz%2Fps20MLOnnmiEYk7d2LQIOWDQLkR4On5zJoP9NUqjDFSrGP6LXdl%2BjyS6s3Gi%2Fi1FiZr3pNio6Bm1lBDOC8tN%2F8huXGQy4lbT4o4AtDofleiX0LAiwrKc9xketrKPIMyYLl1w2Vz5Bt8NlkYGyyA5ANtRiyB4"
"2024-12-01","薛之谦悉尼演唱会","演出 115580","https://tophub.today/l?e=4d4bv%2FbAeumia%2FyGlstLSKgobVmwsAH8WDWdF1pBBGdvCaQ1TB%2Fj9q4IzpAWIIbHUfnRL3CSrsaMUNPb9r8vUbJ4hgSERyq3R8ZHVYT%2BwEqKj70xCFoqQKvBYl3E9IbhJjJv86b5%2F7IftWm7%2Bmygr%2Bk%2B6xZbZ3JvjuYAFd4ikebk%2FPXMB%2BmHlXh0wKw6R317tur5qvDDrDExYie2hP5VNyf23%2BGdgnDTk0XlMwa5v%2BSn98FkKGALDd5pYFhTiEM8grIrKA0IfpAEuAefIfFm%2BSSV%2FvhR9SAj3iRwLbw"
"2024-12-01","22岁陈小春曾给26岁梅艳芳伴舞","31.1万","https://tophub.today/l?e=32b7ok6PXNRD3FCucteDURjt5VpuTZWYxsOHR6MEnX4ZuIzoc0kwiAhE6jLUJV1i0zI94lH3t8OOZezddrn7NbQjjDowm27guJ5kxptJxZr%2FqJbf6a52xhHTLwUm0l6RBnhctOh5IyEmkh1974NUxtOSdyBbGDX8bifxJvrsoLOWZ1L5gf1ARsipNz5ci4vkPDNLuYZ5pBiBjF6rVRHL7mR%2F0VYR6En4yV9WFDyEHI6Pl5vq0x9ADMQNmLxiU28sIpptIwjfFgk3Xfbxpq5optw3xkwum8z%2FBS5tewfVbpFhZ2F4%2Bg5O9ONee6LFyvdcTBx0eRrHA433p4w%2FiSG%2BxyNqeAsKQCzRAo3kn%2BRYJHf8NetFxEAiHs1uT%2FCy"
"2024-12-01","一诺还是太全面了","25.6万","https://tophub.today/l?e=7eeast%2Bn5PBZvUgAfzZAUnLsEUhbNfhzr16zR23Le7awnnkUKQ2llJVy1CYD1viwBgmH55oGpuZcDFg2u6aJ7jyl9dRxFyi%2FCRvSgsSuQcIYUPdqGM%2BKp8abR3kqwBBtZz1kZ5s%2F%2FCnwW3yCi2kPUxoWpoZARXVVJ0qVAXtXmSIbMQyD9dOMUM4Fc9so%2B4Y7IGnmGbzfeIQUhJ7JK%2FYVfjQJj%2FmnQ5TcpHkWOQYOMScjCfTFn1Kby8ssh7xAls3%2Fl8neBNhWv251Ot%2F%2BkLw6rlKqRuTQxyr5LpfFnvw"
"2024-12-01","苏翊鸣完赛","12.2万","https://tophub.today/l?e=b0fe2kPxkMtQVhhs1BKO5ydjrRhYb9YR2cdm840vKjGoH6Xc%2FPuEoH%2FkmBb8%2BAFWBmoPx9AqexabcTJgaLcS8abo8T%2B6hVrIdtjd4epyV2ZjrIWehCpLSPM5dN3959us0Xee49B3HNv%2FZZw8V3yuCbbcZLvHhFF2RzM3vo5w%2BHY%2Fp4bxYG%2FIGPVyRp%2FrXUDNYWwwdsZFqYq8JD5xY9Mad5770969ltQel6Fq%2Fs%2F6dFk"
"2024-12-01","郑业成用四川话回复赵露思","剧集 114962","https://tophub.today/l?e=b43aMWbGDdkYIen8GQ5x5GrA%2BLjbA1fcILRGnRWuYUQu6IwI5FWBH%2FiL2REUloeRxBgX7pZEnDkzPHws3%2FxmBYCIWdhuLcGJu6%2BDUtDyo7yI1vm94oga7r9M1b2JoHTJ3P5nDpOPhAzigckYvWqDbvCotRFgNtYufkxX0lEv7pFSv9TIY97OHTPIO%2F5cTd9D0cc8ZUh6WVaQ92eS4TCevPoaHEjSBndMYc7TdxpTidxTBdeeKBDxRuZ6tYBAo5E0c5ZpUML0QzZl5Ya6ATrmDIX8Pd%2BC4%2FZuRg1Vtk8sov4wnxYxkcmIWE43uQKr3ZNnbFz6lI1NgO952rfAVb4f4JTkQsfhXDenzAxSRFpBqnWv8IlagOnhT5A"
"2024-12-01","祖父母拒与非婚生孙女分亡父赔偿金","32.1万","https://tophub.today/l?e=3285I76QfSIJvRCiDeDEpFDbcbDh%2FX6g7DYaPbwcb8eIfUajhdN2i8e%2FfTSh3DZ0q6mIwV3sZtb%2FrJmaSayluon2750t3xWxi8Qms1KEXN16%2FWbvtXjBWDwPb7o8iDyx0SrGvfTa4mn%2Fq7QJJY%2FcrKjvrHrArAxdh5zOr9L5thmk6AWhw5iMQ2kOBwWBOTpQx%2B6G1HjtxpEoMzM6EDAm6y4QTDlt2imC3UId3BL%2BY%2BS7bxiO%2BiXAZ2K1yBWBKkecRLHDgrqLGmXUI18vbe1w3tz1fCegXEoyoFOrvhdtbX793BaPa%2BUSBIH3nis%2FAcBAX1w8N3gGUrODoAOcd0ygwiIvoFhXtrc57sH1jSqKBROQUaExrXiGklWJtj1mX2J6lgkA8xxKzaGGk7SI5dmD4oGQK3SEg0TCv6UfAwPL9wI5q9rhq%2FGHiXguTw93TAggz54YfBc"
"2024-12-01","南京大屠杀在世幸存者仅剩32人","34.7万","https://tophub.today/l?e=6765O%2FBRl9PNKhmBpRkZWv8cHtsyshmn%2B0hGwAvZ%2FGid7lyd7P3W%2BSVSQwU75MrF5X8M2TRfoosdNtSpUZE9jfvEZitFQsJs%2BTDo96al12DpK5UjUi0yvWZa%2Fbx%2F8VKNpkqCBgU0VHEhsvnFWvQ2VJpDoh7bQIzxiikcsbaxNtn1BhvBxMjR1L6zR6svly6KhXsO8nGt08gpLnA73hhWm73wWl8jdfC9b5Qw2A76Pd6USLbbC5%2FMnvRIBeePufiSWG7%2FqShvCYU%2FSH39%2FLwXuP7b7MIoA38yblxj8IjSRanSZXQ6Vuw35YhBtgblufzeXvK44709r82wjIYX%2B5M3KmTp66Dzj0epTw5Qe5v55VW%2F5DltkqzqftInNAwVY87WKcsi4r51MiB%2Fig"
"2024-12-01","王暖暖称俞某冬向其索赔3000万","25.4万","https://tophub.today/l?e=a3d9h0RRYVtGLTXFYxFyJSfupZNdsgOeVL3BdlCm%2BCPapst3%2BgrMJKnxsvPx63fF%2FB3VM1Fl6BDMYeNmm83fnY5eyYRXNO6MlnwGV8WAs3LPFog4%2B9j8oxdLSjrN%2BQ5By48vN67yfuaJdDKqLmf5myLQ66uEqsCq3tiMKcFFV%2B0YCrz%2B8hR5LsJf55wcyCjvFxJPzQS%2BTPYyiRdL8bIo32Vzg77%2FkvAbwP9wEgONamzfY8D5Dlj0teh96SUSg5SphD1DSlDhydL%2FRHAl20eC4i%2FenjIEJInaLpDsNQoP2vQ%2FIJTpgQr0GcJAJI7Jd9Qy46wQcY%2Fgqo4JZKm0is7260RkfkOMbJyJvC9opqyA7GA7HaQIDPqzNdtcu4Uw"
"2024-12-01","aespa 姐几个炸场子来了","音乐 113817","https://tophub.today/l?e=8081KVahPssMbsoB9nvomNQihKy2dv9GcD90dBK8ppWjy5laOTXLFFpisHA0pjE97x%2FFzpqNLVhA0qSDUPBC3kSEyqwEE8Yh9qWJUnmFipwUuyt6zkeoIUZ02X0vK6UbWiH%2FBz7BX6q3RDCn76R%2FM6phgZeJ8tOb1bIx2c%2Blh1v%2Bbhw3lyxVW2susVMFonQ4Fe2eVf%2BisJnaY9m309%2FUCOvR217RpXbfU70%2Bwq%2BG8DTgQRShWnO2bSMER41VRACJidnOhvRAXwS19Dzl%2Ff59QbOqfEcI1rD7hnQcoHI2HjglEuNWIw"
"2024-12-01","侯明昊横店走秀","14.9万","https://tophub.today/l?e=7fd1dQbwTq6um%2Fvi6Bopk6d5lhIJWVlZQlr0ze3u3y%2BjoFTSYi21gz7AX8Y2XLhy296jIz6rKWFqia5JpdxjK6gfWndyGBPCcUj313E6ci9G8Ug2NqBwRl9KouKFIMGJbFiOBcHz0MRAV4MzfAEb7aM8fo%2BphbuI1s6M2EPrHGyxWILOHLFfo3V0p3A9mX8zBwrXgdZQZFOnFGFlr59fGsDSr%2Fh2C7mk0wMZm7HPAwtnG%2BLfJwzjvuHEmXNL8BzM1U6VSbrq2VfQKf6R2l0"
"2024-12-01","潘粤明年轻时好帅","9.6万","https://tophub.today/l?e=7631I1HkIBXFo2KA%2BGpGoYz%2FEVvEg6HDMLCKFzu6BmqH00yoFlYcLlDeY44rVylPBUcCocuBPKg0A4UpplSS1hSEYUQkMolcfm3e6dANlxk3MsupjQ2mBltePmazRkISpPViUWMf4t7SF%2BpI2QKzkYXdkkWoMtY36jT3rHrnJz3%2Fj7EOZQDX%2BaEPBJmSOEq8rFxfzTX24BncwzT5%2FD8GZ9KtaNuQVNbOhpo9uFtUPrGeIwwHYXWF%2Bn8Eup0GrDIJrkJKyKshw5DE838gjhRLMSQuxeoHu%2FeZrFKm3YA"
"2024-12-01","张远演唱会前排不养闲人","演出 111360","https://tophub.today/l?e=54a2tMYsL9oQvN9sZqV0oCQGTl31s8CqzOEEiODIi4QKVdmQwPeZW9tb26joxh5Gkwl9niRYLa9Tg%2BAfQwvf2w9SdZO4cbLGLR4ujeRc9c4K2k%2FzVPzfdKxKfJmqEwj1pnzOYrAMxh92wy%2BtBn3EsC7nyaS94yG%2Fl3E%2BpDNKsl3DwQDyy77tWFhxUsy6n1RnffmIS8eD33cNAdz57dPx%2BnVYHnfJVExBJPZqiqk%2BR6YmqXf2xsKizz0nksS914%2Bkq9e3kv2jDT71FFyyzPl%2B9z1qD%2FP0S8YHFAYfIx259PiMOwB9cQMtNNdyLga3Ze5mgnVCPOwWd8blTZhL8U8lS4eYhcjascI6mfU"
"2024-12-01","K292次列车乘客称有免费饭和水","100.0万","https://tophub.today/l?e=f9b58Cnwz4u429JLDVm7mGhF%2B4TUT9zHj1GlFc7JuGQ5yj18%2BkoUyiz%2BBG9DnV87wG51ekhGzxLTYx%2F8Pad4Nv6aCL9P003%2FQQNIHRaAB2pTUTmSdAEOatmfJvcsCZco2erbtt%2FuuZvZ3uupUYtGETENdPvTvPX1rDZlzRK%2BKUxx1vEEPa7XYyRJRfPfjPul7Uiy%2FJvQzaxm%2FGojqby4FpHKUq%2F00eNZkLBejRhypOlaPxWISYy3lfTuUABiVEUJydupdM0G468hYtqDukYiFLsw4vuIKHrl9tli792f9CTsxuKo15ZnDXG1x7YnBr2%2BGtGJEC8CvZIOYXB4%2F59oJmidSTlawLwDEASDLDPvPTPtJUwEBF%2FcRVLhHyK0"
"2024-12-01","祝福2025国考生","9.3万","https://tophub.today/l?e=0dbfZJn3isTKmVzTLZOmoEV0Ka58hdIPZ1pqQu5pbVUnOQ%2BB3WhpQepE2qWeJlY5G4GRgU%2BAh%2B6Jr59P8VdPVxpr0z4oyIZiSQJPQdvX8G3245Ua5hkBzhNeOUTrEIjGQdKxDszMBSjTqaFyKYAyNPis7G9JPw2NSS9v%2BgU67gs%2Bg9XV8UBTzVqPFHVJa0Qa4tEFTPEKbldC1Ad0AqwtHQxU6uDWIxNmL6uLmgPYmEH46G4O"
"2024-12-01","媒体评李行亮商演遭网友抵制","33.7万","https://tophub.today/l?e=2155FEtbU0277u7GtgzVN9e4kUubInvLRCSYpglcmw4mYy0aIqNL8zCh9FgBNYfYS%2FURS8LZVzFGuicHAw5IxX9KSUqF5cPvgE7xapABloRWSER5SrMcymGk4swmXnd9tOzqCEZ9n9z8b41VrVtdZ2D9E%2B9r%2BDGcOxwqKjJI3aLYF2gNdibwvw0BFKjjX0j05Wmmm4uDCg5whWv32Sw0RiXRTeIwA533wkHrm8WpJgziX8y1HTSD8nYU1eXLowN627STURNDfcCLDwbWPpIiXpl3JHzr1GZTMcLmekDsUP1Ni25JAsWEizQ2RhLgaII7yWVw6G3tx%2Fsc9R3bpyTVv%2B36xz0TC2tBFDbujTUpq8yx%2BSc3f%2F5jAlUuHBYxrnhPgBN%2FmPPOzl8"
"2024-12-01","竞买者称42万拍下888888手机号赚大了","350.1万阅读 | @大皖新闻","https://tophub.today/l?e=df5bhONF2y0AZahXGOcd3IHMdocivv0z5EFLUsIC30GT5AvpTNGAl0RYZ8ArWCCzifjPwe%2BlV3SQxiI2gNrTLyqTXY7vhDteqTdiuNHFWFVLlIl08cQK4Dd6hEm%2BgCrjOg%2FB0ijJhJ43XIbbzJ2xPmcQ3Xz7%2B4EqIV5sHVp7AB%2FS4i9rTdz%2F3nAZrpoDeu8puXJxvkcQWnugRuFXW53dYz0Hgm553zOs6wyg76Fq7%2FPid5dhkbZtOoFCh6%2BV2oHC4M4WvF7wexSAVd52IvDqSxv0JMKuKGUjhjxIdfEcfB3W%2BlNg4S5NjeDLrxMj7eDsTPKpoLVEkbWGv2%2B3vWG9r8Tcnjyoa2TTErwmuiQnGqSKT1cFFevsRClkHsaeF4v6j9EJ51BR6oaHyOcfq4OynA"
"2024-12-01","思念水饺回应速冻水饺中疑出现烟头","18.8万","https://tophub.today/l?e=d457Yq5MIqnhNoECJEbtRVToKl7L1cbfXqvj5Lc8TG0%2BJBp594Zyg8OkjsXeKhZO1LuN7TJIuQ1dkGEMH21HKZUWmo23pYEt2R4LZdq2nuepdrKY%2B3OQwqAPELVQA5EOpuFosePhmbWZTn2hNcl%2FhPAdVPvkJ7d1s00RuyakWLQQxlPeF%2BfYNTvoODzQvRMnQBjiHH21Ts8JR1njATeqY%2FXKDW%2FZE13TqAW8x36451gVQwVU8mhC5ptvRycjDZldTZkDvBCohG0ct7ZHQtHLcmCY6685XFg14rwRJ64ZjqCH%2BpryfRDfUKxun27q6jakTIXtXGLk9F9S2K%2FH0A0bUXPwtH70BNT3JCKl1h%2BZBSo2zh65Fa4Rq7S7ggpEC8Wb2aI1UWcDdUQpWBT%2FxkjnbGX2azAiK%2FAbDCLi8WEj%2FHiX2T9G3MG3ErVao9US%2BSovaUChj3Q"
"2024-12-01","周扬青恋6收官造型分享","16.8万","https://tophub.today/l?e=7276wrXRUc6kThABqYflQJ5WOmUBKdXYqgzZJV3C%2B%2BntbVMFXfIoWIO6Eja1aFZYJjS54WhfRNLlooPeVVQX58mPJnoIgPxbzTQORG806s0m5gV4F%2BVBmcC3IPMXtx4xyw4lQQfCIHgzxNcc1Td1Nzs6I5nKQFx1ddyhGL4jFqdb1iSyzJt2DMBsAWKHawLT54bnMU%2Fi%2B2acQbhss2%2BzoVZAdGvBpr3ftJhEA7xKjpFAoBozn97fStCDfLlU1TS5djFe59vYxw4wIHGrJZetk%2Fv8OcF0LgfD6i%2BLlSbkU%2BgEidU3OXWnjpME%2FHRrR33XIjp18WbhXLs5CAIG"
"2024-12-01","王源请奶茶","13.9万","https://tophub.today/l?e=1fa2DrxRxrV8Di53KcqG1Ho6k7CqMFCXaDX46agOTJNkcO6uOjazYa3Iyygg%2B3FAnlifahQ3zYTn29HR5n9Wov6xp9r9iAGpnyu3KwMwmjV%2F2WXdHDuUJxNsloV7KR9grvISkoVZwf0488DHs1D%2BwYJTnCKXf%2BZ3DizvHak06J%2FPPt2tfJ%2BYBEfG6WTn9HfJrOQ%2FJ5UL1i2m3dijLXPPwFvUa7hqS9ny8uNvHuS%2FyTY"
"2024-12-01","月鳞绮纪明日开机","14.7万","https://tophub.today/l?e=5e1a6SETc74okStlLNMgsb55A4VVbZHl6ZqpJ7khYbo4X0izNyVgBGTRCKzpqs7qh01nx3ndo2wXB796%2B0fYuXHzZ7EPs4G5M%2FvT5spvIzuvDoqVc%2FTME9BPOqtPoqyrCa4inlXcwOCClJTmRqYZfvGrCfnO5iHNGOlsunLz5etpRNQzLpwgI9AJR9%2BSeOoOkcZYSZ9k70a7A%2BcQ4mQ3W%2FeK%2FhZ6242bc5B4G7dThprwNRddcX9S75dp9zrvtbcxs0Xt%2FrZiuVaJSrZviKA3G94viEMNLFiYOAvOX2U"
"2024-12-01","T1输给越南队","15.6万","https://tophub.today/l?e=ea44MaEN49yXY5G3kKFCnOb8VY%2FIFpW7z8c9sh96b3hxn2IX1fmh6R6p3Lt7OWQdkXlIeCWdkDHz2CV3vaCnjPt1iG9bR1QGXTxc6uBMYEMU%2FOtbollAlL6r0cNyd0Q9tU25JupFUwmzYM38b6wn1VPfJXmR294N5JRGFAXWDmsveCeaj9r77ObdIpTv3ITXrKaQTWk7geB07o6QUi9uCX8onteyMC0ulDbDhaEeOPuOOg"
"2024-12-01","花生十三 变化是一种机会","11.3万","https://tophub.today/l?e=afb28T1lqeUeLskEHnMQm6WJ%2BpDnQeIFXFeeK2E%2BlmCreurtGngbmxrl%2BNAHyTzR5gnPMYi%2Fz9Mb8ysafFIU6NqvDMm9BJLO5v1Mbn%2BT%2F%2FYT8juNBN49JGRKd1tylIIf8z%2B2MrMN3jV%2Bq7Ej56T1ZDaQOOLvei5hMo8sJ0B6Kx7LyOOzXnD33eXREMcdVIomvW3%2FpTJ6LegNVGPrX%2BduS0YbWsWA6OuOTFAc3Eb6gEMLiceHQANSouj8S2CKmGZ%2BiuDarkUQY27i8HT%2B2WOjfkjWQAUTExVbv3biIWb%2BHYOrLa9oMOyWY%2B3VPH5K474DbHFampbu0XCKVFgBVSXXqsZyGyRrEZ4Vs72qQoM"
"2024-12-01","2025国考约65人中录取1人","912.3万阅读 | @央视新闻","https://tophub.today/l?e=ffbdO9MrsdK%2FoI8Kgwqz8afcvU2%2FoPZPbhOLtygHlxwzVUHkgwTfg5Qo1zsm20ITQXbRdgfDo5OYxeTTQa%2BEzXwjS96Yrc4tr%2Fq5qioqJya3CQrWHL%2BtwsE0%2FWo33tR4oK21ceRbUKOpp%2FrrYH9RpWD2TB8BZrirW4Gm5z3Plkja98RHHit4ZSB8CYRTnh1ATLGHYkwWnXJ6kHbRZaebrwiqOEVpR3ykfaV6ymGkBh%2Bt2ER6UrO3Q3vFEY2P10T7WZNoczjQX5bckbzJh%2BzEp49Ev3%2F8fCx2of48f0XeNwUDiWcJ"
"2024-12-01","林孝埈因伤退出北京站首尔站","23.2万","https://tophub.today/l?e=cf0bp2K7A3q2h3vpaMfXvcjojnsFVNKWJCPYPW%2FlVmtUtJqEvjFcbC%2FMSFvmeFuOMNtIJMa7f0zhHEkFkYEPUl2F0XAJPQezBbVFpV%2FZ26ID1ANb0bX%2FOrWkjvWN0Sylvr64uCoq%2F4UkHHoFZAG%2BU2qv9rf6uuSIv4skVU%2FzqRPS2WeWAnAbdezFHb2sB%2FVRCsdpYT5X04d6tYT7ZQZvdv5MAZuno70YY534Marg5%2Fg8mMgPEETR33y5WxXrhDaDg64wVt29Vmiea%2FS7TR19HrZ1KgMf5PBOYECsOwnLut0a6aKTuHafatruWddUv0lDsW5CZwma9x2Oy6pwjRqMTH%2BU6IMFgB3dUWfJcwePKH5Y6FMpHTZLlP7D4hOnJ97IqJwlnlfIfuM"
"2024-12-01","赵露思彭冠英吻戏路透","剧集 189281","https://tophub.today/l?e=c37bNocrEXPlAW4K%2FJey3Q2WOf7%2FMXUwxH54A%2FGp30wOUgqw39GI4dLNO6JkCnyumh1l3HwcUxKt7edmKGXd08vPE%2B%2BLg8xmhGuugbjWteFS97141ldHwfUZ%2FnTtVSNrNb7WrvJChjjP%2FSTU0w74NXgRAtWiHiQZw66mFYrj5Gqgt0IefA7YjM5VHWKLvzcP%2FK0vEb1fRe0ddgOCBO0iK05IXhVyHpHzuPCsdCxXE3gOmr9a2KCWHWNHZCxiz7C7pDltFxsIy5Qwn4AGuWeIuyQm0BvgTKoMvcLPReDWxQaeTtZWsMVyMGZY78mad%2Flx8CCu5O9s3qj%2B500"
"2024-12-01","老人摔倒瞬间大哥滑铲接住头部","28.3万","https://tophub.today/l?e=aa2dSC1h2IKamYloULM2rsEACBOpddCPEVJbyxtONqRIhCWidPCdPbvb6LXYPa5nHrU6ZqK8CgeiWrCj2T4HWezXuV2dleS3%2B0iNXsP62TVMezRW4BMhAWjQSJ4wj2a8dLQb84KKSJwZwrSOHOCxBFrYQCiVVJkPjdiQ30raS%2Bi9XwG%2FNG8LtjJexH3nEpRNLRnR%2BbgJUImwgHYBUctYSuOC7tkrMC5Zu1AWkp61cPFq4fzt%2FU1EpqDQREmz7ezbKpN12sUqunea%2F4DaHeC2OKP9BKzcm2v0n5Ywde%2FXd2JOPyf7%2FRcxJlftwU5sFdZR07tsQ%2BSwLTQBK0BEcZY3K27sB6RIPCetBAZyPvTbLEPlU3v1xwRG7kpQJsIwuxW3oKxRVwLCdLVBAzecfL%2BNS0XRdxBVUb8"
"2024-12-01","蔡文静哭戏","剧集 125402","https://tophub.today/l?e=19d1682AcpSl5edD3V9cZsiFfrjCQIvj6NT5J8aVftUxTWzFLteKBAQ0%2FgOx9eV9xMl%2BxMgb9cje9S63c18NFuhCVXVxapuwQPrvywyz72QD3eP960aFXEOsCsu5MeDXckENe77ZFKdD0JEb7zf%2BWWyVOjjVw%2F1zkvfaTCv6nx50NeijDU0IFYGBXbuiE60mDuN62%2FOBIGav3%2B1ZqYmGuYDqczn0Q3GT7o5Q1E9qi%2FE"
"2024-12-01","关晓彤给张艺兴音乐话剧打call","演出 403279","https://tophub.today/l?e=3387AX8dWfqDKsOVIZYQTdzfmExqCLHqXWLxa0Tg1kcLI122CXIzfmVjhBm5MjfFev7qWUt5WUHvUD%2FrxNnGYuIzIwaGRZrVAhahiyMcK6DrV0%2B9ojne2OR6W4C6aJv%2BYgpveIxbUQQo4HDcLQ2fykR9%2BxQWzJOOuzgmL2WNuilvI%2B0OnGYtWRnUNMj0Rp6mL57AiTgXuUQhDj5Cd1iwRiVUXhUtfaAjUD5oJpeHi67fJ04PcGHKhlGgkhyQerHelwxDM6TNnggewevgwsdDG76tTCWglcz%2BAAk34qp8oyeNNGb4R6D0YeucteC%2B3X5cfMqjc7VSJVScWq2YoacielgoOWZTM9J8oCJ7ZBZCEv3k7VAIxxjV%2FGTAr4ds"
"2024-12-01","天生爱豆四帅","34.0万","https://tophub.today/l?e=e325t%2Fb7iQTw6UHp3PIpQpe8UMErrse1zb8orDUm64Iq%2BfwYgwtCs2%2F42L9T3oxiFRDIw68scAiFy7WKaiLIoFUoJDkxhB0vh1XY%2Fr8DZF28EpiKVVYmwiJbSEML34QTeb4uvimnF4wybX%2Flhse3%2FZDqFWV52hUS1utT%2FdqM9OlYUvHfSpYWZ0CCiZXByV7kfVjxeT8xPnmvqAPraXqZewu3ojBvueH5Gf3oVdyoatTO1vfzwhJpjbqI5fYk%2Bg8"
"2024-12-01","国考笔试实际参考258.6万人","41.8万","https://tophub.today/l?e=1654ydNNqkIZNhC03rkUOY8sCTDyalE1x4W03dzdE8W6%2FV5gfzdxPMzbwcgojsNip3z94v7Ld%2FaaJABp8ysPLNQIxE8uJjod53se%2FyEkXqIXXzoU829qhp3hbS7sgqs7jzHoQ11K5k9r73ULc4EIUFwjT2ZFKchWXw4hUoGQDWR67LEOO23VqNuJl3Jau5XcfgUWZ52dStQ0asBV4HHEuhVC5f5P5wQARRqHSqRrrlmJvnk7OI3gNtYJEdsohm05zRTjsM3DC6AOz8VPcnY0XryeWBvdcwaGP4XYYf6ecAipU1c5knwgSdIDNqdClWbOOghngabox81Xd4eJ1uqW0g"
"2024-12-01","三明治穿衣法","9.5万","https://tophub.today/l?e=999d9SRbanIiNjwPnpQo3LwOMaTL2UVdp3WjpKjOLrDXJnm6PFjSxO56MDP7BTGsVwyff6d4d%2FvvRdL2JILak5puMjc3mHqpJYOsgrcDQnc5WFnWomExERpQfwNqeiTrJvi3mwtaT0W8SRoOIs1SH7oI9NIamuFpXP0PJblx8xCgIElg6RtemMzqQnaH8BOIbwKk0NUUwd%2BZIBCIgFjSVu%2Bip1KoWuL4BF7c%2BZLv3jIQ%2F9hb%2FmtZban5%2BIeh3gk"
"2024-12-01","虞书欣95花首位超话钻三","30.0万","https://tophub.today/l?e=8e80GD5xn7yThD%2BBu4a9YQ3VoBkOXXhSA9CiAzTZlTs7EAFAsQU15TIZEddJ%2BGj8A9wqg4VAE%2BUaMQ1X8XbUW%2BE5%2BsRlGDyscfWmKs5NeYMuxQAD2G6FpBLLdjXg3i3wuWbhgCFgxeA3EMlYJac2JIeExZo0dfYfoVM3E0cCqvHtr2DX0cYQPvHFeOmM%2FY%2FhkhaE3Qr6FArlfAw6zuE3OBzpIBMwfvFs35XEq8Uoctbqj8irPGm3EK6b%2B7dSeDtsGVTNwS%2FqO19UsZQ6eXZEs4SOTUN8e4Z%2BaDP20GOE%2BoGzYw28%2Bd9bNiuBNJecKI%2Fnx1Z28FTvpT4mgbk9cw"
"2024-12-01","生完双胞胎儿子又再添三胞胎女儿","18.9万","https://tophub.today/l?e=3aedyLB6IvJ3yBeYUOzIYzQPcIU3j2wCwjMOXR4ni4t9dV9UH5oKb0Oqg3lDZQ0ZiUDF1pF9rnNEo3m2gw8TvZ2li0J5xcUbcTUlMMY9nxJzy5FKNSO97Z%2BbSeV2%2FFB7kxShR5h1g60no7Sh6hH7ZwR7pdJ5vxjFeuIzvYq%2BbkU9FldaWN43V9Plsu0dIcDTtaGf5hftzLPc9fpW206%2FHnPyYIuH%2Fii2kpg2AEA2b5coASZIZKPXbuoCGv0hDLErbUiNdgGP861sTgqd6pTCw%2FNKQ6J1EBe0oeM1dDWPpw3Eq0dtJd%2BvTnToclvFBgSN3t7KQCAv1kWMQaTJ%2BkVZo1%2Fo1JXlNAPkOAHj9JBOnQM7xCFKIwzIMGJyx6Sn7WKZmpokowWG8pBHzuqbP3ejNBCiFkSIz1hkSALK%2FUNx9Ykf4z0Nwos"
"2024-12-01","王耀庆杀进艺术家赛道了","17.4万","https://tophub.today/l?e=497bl2ipdLtac3Zz9PnxhuIYD%2BdTd1nrc%2BW27Z5nbeWb1%2FPfsJI5lXq8SpFLNlNqu9o4qYdcv8pJCFV1yzCa0H7wx6UJFT95l7iV%2FmEX%2BPCuFcn2Wb1if931Y2Q%2Fk2uft9kBqTpWMJmq%2Bzbf2Qx8W3UvqtgZXI0kxZshSeTkxu4n5HT%2BnuJpjqOx9Bsfo%2BDObm0xvJOhMqu1qk6YsFQ24i0tm4by4t1j2LBfyXYWVA%2FVQHKA5lltN5gSB1pXu2QY9us1yaAAcNLASPqAuMrr5FgqE12iW7BfxdtzwEoAzeI7XAtbDQli2Bs7iRR3iKaZk75BwqHkB5CzeJ33KToSyuILeIN%2FXWl%2FGu8"
"2024-12-01","老外赛前表情凝重唱中国国歌","10.2万","https://tophub.today/l?e=9722HEjQGWtXcigbg4%2FwKjY%2FD9LTVxGYc03stYhokPMuBHpiI%2BuS365onUaoNJbMfcmLL3wmSDXUAAppiZW5wzbm1EaJIvpxjfVxU%2Bk%2FGPqcsG39qQthm4gf%2F8Py2b0bS3C7LzFTbdAJY16FXlOQQnAj3YQS36OHL981nqRdNGD5Pk1YAflqroGc%2BtN6Y7FFgoCjFu0OYWuKNs7sDbUE%2BU2t5Vkue3Z9CiQ6WsbCJOOHD3iPhIPgaeribJKW9XAgMg6fhulqcpcHQbMMiL4fT%2Bo6cy16TXvjXaNxEJo5kKGAHM75u0QfdRiHXaTvx24VrrHbvrt4vhjYtSe4BHupF5dl%2Bs72m%2BeEfGSH2MUYdTRBqLYosfC6gMJXVrlDkuP2EpGfVplBooY"
"2024-12-01","迪丽热巴藏好了吗","18.9万","https://tophub.today/l?e=a64aD402FOeQyC8J7o9Eu2bzB0La4HOubEldaiTxIPRdMmzn2mMhTgqK7lo8GEMEZZZpDGAxwMye%2BRMpMbUe7DhTDLs9%2BsrrfyhpxsJXgspG5kH7eSl3nP5SaQy%2BQE2f2djhXSDhhWJeWyf0BV4WSp1YtuPS8Kqil6SpnOR0uyR3ztBSsdmmoOqqGp4TyNl8EJL%2FkIbPUk8%2BCZkCt1Acx0njtb4iO0V3WDPVj%2BuHMFAsJ%2Fxkig3uX7y8F0cr%2B3H7T4bYuI03NWX2fMUd17%2FeQ7qvrgshJqOimMmDnQw"
"2024-12-01","内娱航海博主第一人","28.7万","https://tophub.today/l?e=a891I69LwhmdfFHOmvm0HGuAD1YyKj%2FERv1wGbsMw3Gwm%2FBicRr8hi8w90MzytYQtT%2F3SDe63%2F%2F5NKKO1BNVhzTdjsVDcf6lSJONsV9LE5JvYf8u%2BFyd8oQbpCT6ruv64NS29BEYn%2BsugNkJXZM%2FG05QVC0QUwpJE3PQxBvY3icDUjkAExTdVkF7pfMugXa6v7wKzfrJ9x8oNpQhp63k6fHOS4kJWOKJY%2F%2F501Xm%2Bb9KZowjGOr2mgD7w5LmVTEmGmZvpaf0Ks6fqP9NW42pIARX26bKEnmlZVoP3V%2FX8ibkT1zGpV8lWF9oruM"
"2024-12-01","申论 互补","12.0万","https://tophub.today/l?e=d75flfge%2B9Qt06J975Z3nzt%2BWomxNKXGp101j4g1jNwsoFrHV0Bx7MP7rxo9htARHxP9CfT4L5Kmig4GCUR0B2PoO7lewZNCQRea1nOc6oX4uxrGYZ86MPHyyXNzbOnNLhpPq2SCB3qUZxLFj8ghvufBtKgrUZpHI0OmWAFXHJH%2FS6zOi9eAMfoM9OaA2rGOfIpht20YJ%2Fb7iOb6WUBQup8dEQo"
"2024-12-01","代驾闯红灯后车主保费上涨930元","371.3万阅读 | @新闻晨报","https://tophub.today/l?e=247c989I9s6d5NgmC9datLH7fxReRgVfeqg2Z1MZZUpFFCfbJGovEQ8OpuVfpx7osPeAZ5qNB2nl2qeAU9m%2FSwSt3gk%2BNYzsSnpUbbG%2FPo5l9b%2F%2BgdVG2gXQy8nySjkANpP6xGT60yYyACn0dIbBWS%2F%2FK9HWMweClmI0qrqww4giCZ8bS7%2F1RZx%2F4QgdiO7mVUF9qFnw2%2B11TO1euUjsjjtn7ZbFzX%2FgM4XhffCFHQELsC7Kz5gQ0IGpBJHxDrxxvb%2FPX1lZmOJ%2BoIsFROOLtbpS4rt8PjLNBk2nf%2BZAzGpay%2F5RKYiEx7EfwLhhrZ8eFqE7J6HTFkh2qKTCcpu4j7mnHXmNMWw%2BYwRWh1aJ%2FWnFJDHxdWxBkmvXVOt4Q4cAREu1bwyfXQZst7g"
"2024-12-01","大多数HIV感染者选择隐瞒病情","449.6万阅读 | @南方日报","https://tophub.today/l?e=c717tD4tWvxAT2vpcnfDpeSxrHzWYU9MtPHyXO%2BVjZeVYWR%2BNkd49bATploQJbx3JY9Vd%2FNTdXxiH9hOarfsiyvKVqqZo1O8Mn2FafZOA0em6MEuJHEkHUnIvMD90%2BE%2FIVGsbAAMGgY6H%2FKnwWpgWgsf28UMtG3mDzdXV5n3%2BaZ1%2F7TMXDF9Q4JJT2NYWKb6KbXNpOMvSvLvHznA0UyDSN4r5CQDaGJzOnkdDnkwsvPVVVu%2B7JBIXa5oDyfWu4mbql4j0GYNRCZsS0vgeopmRPHOi%2F27Q4EOxD9yog%2FKonDObu5Krrio2i16VNmS1RntyytW5zmx4dEjRxGArbjUSD2sjDO7GOntgmZriOd7wBNU8N7gfF%2FE%2BQ1f8oI"
"2024-12-01","如父如子首映礼","电影 268802","https://tophub.today/l?e=129bpHY3skKQBofW4wxC7cn0ClJb1KBK8OtwWDiuM7z%2FE2%2BsUH3NPlL6bGxIGCRsaUAq1oEsacI03wKQf9sPyoQ76NG8Zp5GnUdtqNqnfiapjYrnrDVNGeXgnfDVf3FgPxrnp3PcrizflIVVkJPwWnOkBiQuQbrnRT2K8t8ODp37OvZIsHbXdoSXKcJsiMYRoXfJF%2BkdxN7nSHFBzckVdvIm1Hw5cVvwVpI3Egdh5Q%2FeHBSxwYM%2F45gcHj4YauD5fKCCyW8gJ8NhyacX7jE"
"2024-12-01","N2答案","34.2万","https://tophub.today/l?e=7d99wLZ%2Fk%2BxCJ9F4Mww0QrbKwz1p5x4sU2AbxQJv5ywavfqsyNygOR9qrVEZ6Rbwh%2FV8qmMxtXlrA31uQ1eezmbdyQR4KkkmErSPKbZUOasQwxEi%2Bekus51tgXzFf%2FBjvmj3KEuh8xWC1IhjXzrnkB%2F2jfe1OvxP5rc4nx3Mwfr2bI8rnw"
"2024-12-01","台湾情侣被曝吸毒后打死1岁女儿","34.2万","https://tophub.today/l?e=6c0eLMT6owdbNfOst1etCtdQ%2BLVwV7xqJ8k1ItppOW0nXl1K4cFooD5m0yFsSOB5KLC2i3vs%2BoTbCdOK4pUsmIBmrNgL84c2SVx9jkgCXtlPBa69pDwelDbhgIXCZQuR9y%2FB8v7%2FrTSA%2BNej4kzyG%2BfEm5byOcQXCuoXy%2FiCJ%2BivPkQ2V6QTgrtNmg%2FQEXaoOy7CGgviw4xxGpe%2F5UaJRwnl%2FDgiBvxCQbwCJCfXnE5v9DHnMtEApRQTSYsoQ8wPjAxgRqJKg%2BRsX89HfOTEI67fiixChdF0HzIGkxBWI5N1nUeGGBHm2AoreVl%2F5dBUxhWNh5I6jUy98HFOGOYqxB%2BtdK1Bsbz9cMDgn3QbUrBAhSM40SiSDH8jcUrjw%2BbEzCorXz0MmuVb210%2BmoTfcHajacXiB3Ve"
"2024-12-01","泰国孕妇坠崖案双方仍未离婚","116.9万","https://tophub.today/l?e=3805qIsyn5A0PGnO5L6ysCVp7MoT%2F9ml5jwLvqRCcc%2BWJNTx73a3OAtdble9WO69sDOP823oER9hcWWu1JL%2FY03WsXaXMmYBoaPBGoBMM96ZamM8WSWTkkKeBu4MeiM%2F20BlWd8tGn%2BhmI9CAu%2BJc4KnEeiMtWHG%2B5ZyIF3DYwD3Zt1ywpelSR6tyZiZvU8FMSYgmNWUXiGpCwuPcNg6VzdRjxlfLVcRmdUeOgGqnSsArq3gpuZUuBuwz46VREZpZu6heb0oWd5mt472LHjSQFvoeGVf9nIi8gOE1Qt69ieuA2YzujFW68T1%2BLfGFh%2F%2FyDt2Iq8sziLXxSZfLm%2B8WNipThjwthcccB33zwV789ISTYJtlCFZzzlAnUh9USp7%2B9tOE0FfAQw"
"2024-12-01","美国小伙说来北京像到了公元3000年","51.7万","https://tophub.today/l?e=a4e03u9V58U5P%2FeKaFDxiuLCWZySlz3ppZX4tEPL%2FO1xXfMyZrw9zKVZH8xQG4iaIzBp26YUm4V6lWUit10TCRAF731oEoTkN%2FRGL1ijfxiMB5i6y6142FtzyYECVxVS8HvXznp0P6Gv5fEupFHEbw%2B5Sd8sEY7xgQGhKYxaW2vYUN%2FfgwEGyx43kxU5HVTXA53KPz5boBbWZD7bbeR7zxkLaQkfWkm4TjdYHfJl6Pf%2BzlJa7BFVc2Qcw5Wq4UmAKlTE4DzPGzp%2FFIoOVV9vjCY9cKelMm5bPrSCKtsEGM4MFiwZ0yjvwfedv1EIJV4xFqHLtiO%2BuzWR7%2Fnz5UGtdZ7fXyorchHMOAISXhjBWPuHGAA63GJoRnS55PgsqW8E1k6y9JvNYAB7Wi8xDRcipBgoZSjVdYBewPOG"
"2024-12-01","赵露思宣传郑业成蜀锦人家","剧集 101333","https://tophub.today/l?e=4931E9oPQupqzhjfvmlywuNOujLHNk617ampb8ry6O%2F1ZysRQUQQUzXnzAmYkqJn5noENr0iNh5dmDt6zYLRaFdVvTPtTOSw0NqBjTxvVqUSO%2FLaaefO0aZ4SRGIEovFIsex17IGK517BRy7vJUzFoDx%2FH3pSUntnL1GQKlYTn8NOfTNtyp7JMEPk9SK4zgtfO%2BrK2DYZEHacVQnHeNCyXcaBgCmmaj6j3looRN9Ki05Ah5P7cM3NT8DlT53EtAtvkwAqCdPOcPjQovOgiOiI0Foiupbt8rILcULZKUdsEzmk3V81g4gwtBF8S5jS3RCAMq7Bz8QWj34Nfi9TreICAc9EC%2Bq1dOwNoq4sByFsCCmnmJvC7SqJZw"
"2024-12-01","铁师傅喊你来当兵啦","181.2万阅读 | @央视军事","https://tophub.today/l?e=59b7s2mXNPq8%2FEims9ktCuMUXF6x5QTkm%2BCuD84aKJq7%2FijADGbDx%2Bdc2engq6V1Bt4KdGme1%2Fmsxj34TzXaCpPGe7NIEKbAHMrjpajWQYkaI%2BeyRWlcQUfR%2FlVT6vL5IQwGyD7Jg%2F0cjwhrg2IohfKZ1bFQlASQJAtDbJr9ctuHnLoGsT0bY6NeGdpJ0WOHphGTaM%2FRTa8d1GGMui12CuZASHCmIaZycyNRb398blj0FIpO7nO8INzahmSQYgTimyC7QmV3cK%2BSdjX2ERKbGjjS9NL4eX30cZwjz24QWzvFBGyAa%2FxQ9at0ghU"
"2024-12-01","马龙打棒球2次错误示范逗笑全场","11.9万","https://tophub.today/l?e=ca18UtXsZAY1cv0d%2Br3Q3Db6%2FScG0zEYyihg0KCN1J87D7JH1PMymqheRF9BsNczUN6C0GUEOwyL20%2FXSvCleLeHDAKKfMzNIbYJkCBDbqR4%2FXTD%2FsMQ7RrlI8TWlNfU%2F7%2BMGbUE0cTNdIoXBiIdwwqXRPGY6XRWFEb3lqqn62YVUioy%2B5wkq9oc%2Fa1UhlPGzhIz875WxrmEmC69yodTukqkB6fRfjfdnuII1OcxDYWwO%2FZzAx1HXifox3pd9bFgM3hP5JD0urL295sPNa%2BR%2FgetE%2FtuE5D0CNhYCAptWafqcBqdZ7tsZIKOA1EbcfrYVK7LUQlJzkC%2FVShsahLd6vXGiYvF3v1zm1l1PO2e6Ezg99791hUF9R3OlXmEHNWH8vbwKWa1GRXV377LDl%2FhrFjouNWyOdEk"
"2024-12-01","音乐节主办停止和周密合作","演出 425175","https://tophub.today/l?e=9ee6v65Yj5u93P%2BItF6kgQVelq39oOyOy%2Fftr3ZWxbJLbyNdJ%2BLqU9ByRHNy39RXriDqmBsexDSp%2F0b1RhptAGg8Kxr7dRPs9USPkoKO1EOODm0K9eAuBP4S5DthJDbg3DkNwSQdiPbH38u0gAjK4gpahXjocTtClJiuRfVj237Ff6ACtXUjct1P6PAgLn2K0t6R%2BL1TS9VKZiBpeiu%2FuEAWeuj0V5L%2B3oWS6xaMxjQYzHhkAwFFYKBlYDguss0Ncl4hxnrkUKJsY%2BqZXPJdQCyqraVhpAS3bDnaYB1pIfbO5K6igCZC3%2B3lg9xFf8fvcGmEDJLs4XFYV6D128wfC58vV1JmlTJDtUJ0Ytf6hmjcAvWBr1zmANI"
"2024-12-01","主办方回应李行亮商演被网友抵制","演出 118948","https://tophub.today/l?e=ebef%2FUUUt4%2FQ62MYLbgWgDFrB52fXzciUDTmQIcHtaxWFAGXDV4KI2%2FV9XFBqwcQ3xu8eH1bhPr5eGTzf%2B6HIsRNVb%2BUbWGdBVX32VG9dRRFi7BfODDWZsQ3AGPlEusxfbi%2FVAyISyC%2BBIxvCzB9MgR575L5xznlmrThJc2APoH%2F2FGN%2FJNf8Z7a4Ubz1uvwlr0ApQPzHcVjV0QCii7U68oxPmuouAcXEaCb86%2FFklPy1ftsTakzhtnGYuzrOFTrZstPdFaFemrcITPte%2B8isYlaA0vMgdInQAFeVidu81JVCYP8lQp6VGwrTY8kH7PcVcDOELAlfwgagckClsC%2FCLQ5AJ2JaA%2BbAEQXdy4FXN6BzIxgjJwnl%2FxbKK8pJX2pmdP7xeXYzSo0gvHxuY8vikbQtqv9Q%2B82Bg29bJf6cfHIZB7Fuk4"
"2024-12-01","国考 招裁判","15.2万","https://tophub.today/l?e=cbe2MoCXWzkQMMSAcuz8Ud%2FHzTtebLlCahKX99Rx56HdmWJUA9qNJI1mtuyUZDbaE4c3hXYXKg3t6DRBvJxZkLw%2BnLgDD%2FXbFpUHNZaRQwhLeUvolUJL3Ju%2BBCFhh%2BvWuiiLhfZOLDjH4VIiCedVayG%2BTSvDwrVZPgf%2FVLJh%2Frv5S9G5lgnk3BNjqrn8YeRd1aQfeHFedK6%2FPJM88ZF3QTehB1pdGo4BF8p27s%2FiklcDpiQ"
"2024-12-01","王暖暖孩子目前还没有上户口","10.7万","https://tophub.today/l?e=36fbY%2FNNXcCKSXnd%2FgaWSZwGVewHEvor0BzSP8dp%2B%2F7Z1DjTpOjMqzCYKV7TXYyvTrVF%2Ba3GL7CyrAyWyTKPoHBw%2FsKtLZXvXXNxUkHO%2Fi4ERmKxagdteUf0ncPvUbKo4c5f9KL5%2FNWugvJNev5vOc%2FgbpNY8Dal02Y4WpBwDw5iuys87LtZei8qvio3Bt%2FBDhAWdH8H8O1vq0dKwNcAi%2BnGO3XC79PbNSxH%2BFsgyb9hplm4e3SCNqPXgNF082wFiZry1YFG4XhlpOAriR8EQPl1XkgBPSs2QiaBTm9HRBbcHefTmuKSsGbKWnqWRKsk8%2Fb7Zb2MNKpksgVwU%2FkrDE3ZZ2x3RiN%2BUQO9Gghy0qHR11OluNExF%2FlknAzuqJfBKIMZiz66iDw"
"2024-12-01","女子将女孩堵电梯里殴打辱骂14分钟","13.7万","https://tophub.today/l?e=be05j8lvjbdJvQN%2B4CcsEOjGa8sOsndtbJ4WyIyiaR1mRJR8bbeswiuXuYYbGKh9dcVpaOB1sPOno5TPA5TMXWICte5Dw5Qst8o1pIwMNA43WNu4Ecx0LurMiw2hkyRT8ejaROQADllP84SRtrcRTZOkvhTlT472eqzxGBhGZO0qoC2BzzTCR%2BLKOBcVkRaLA2pJYIVaVXjsSzSZaN6FQ55ptwRqNvp%2BnLX6WTMyVSFO%2Bu%2BLD%2BaqY7vlu79yG6BVJE5iEW04pANca0TZHvWGwxDDeBLT2PpX4RiVWQPz5JskzkoSabAiRZ9oUqZqYsrdALB0Arz27zgNDGPOepbxVRTHa%2B0TeEsAEVcXId1t%2BLEdjEerlqq7mWxb2tS1yNF2WZ4BZC9DbQ2my%2BP3A0ykjHqYDxgeD28YjHdrZ8ZJ5ofcgJrZMeBS8A"
"2024-12-01","汪顺 太平洋宽肩","15.4万","https://tophub.today/l?e=e01fqewnOSMdrRgWnmXYocFnJl0OV2xQqj3hyyjj31E0jR4OVJYPTvM4aOgaoYp6HAkqL6wY3mrtQYCpO%2FGKveWQL25O%2FaRTeZWrxq4%2FJLPN3pfS3QPlgBOpjH2XqkfnB%2BfCwHA%2FgyunpQbJTfD5OUc94zYjvwxvs%2BjILq7nE77Ie7Refrs%2FmHaT711gstvaKkbdoxHv5hzBb3KO97xTl5BnXE9jZucQg0o7OJm6A5JxicnZ8PWogipXLFDaKXr92ls%2BCpJvBzqfDPyiQSW5G%2B0"
"2024-12-01","申论大作文","29.9万","https://tophub.today/l?e=4088Lc7WQtv1YqWJI7TqVRLYlpRCYyROfihe%2FH5j6ZpCmtLPQ6afqFIjR%2FdpsraDuWFqvdbSyFo5QaPOH0Rsg8Q0K3Z5UtqgyfD3JCPZRGEiPQc6pB7tIFI8L6H5Y%2FbMo5%2Bcwsk5MEUA1f85Sau9aYiOSS5AWGZ3Ss1T09isCaF1iS%2Bi3e3OVHQyIv9OfZFO3fuLEZin1kMXTiVMFWClGx%2B2IRrbRElMQ%2BMopXmdvjM"
"2024-12-01","厄立特里亚选手上海马拉松夺冠","28.1万","https://tophub.today/l?e=58206l5AF%2Bmg6RQ%2B%2BiZ6fFNSJQn0t8zYnarOzf7ZyQwRBgLo9e6PMkG960yic1LqNHlE5McZ1Rvnp4w%2FonnMY%2BIBopgkMwdxxote88CEUuoBMr4atR8b1YiMD2sxcP0avvYuuNVmJIqIn6ZKyWvglPsko%2FfFc6WwKhRsvyY8QPe3QcQ13KR9J5y7HbroLS9P61HL44LUvi1YssSlspq5Q%2FWlw9Ga1L5sPPCH2EtrW6U5APbvpQKfE0E1sM9EmeuYQV5Jq37VbQMUgMk1Ya2w3Yiw8Kd8OexjvaVFt%2FUovUO9RbBd20w0%2BoNyc637Lw%2FWc7CaJz11LDEaZdF3FMnoIBV1d8BV8S%2FWC9C5tMkqyGm7%2FLejVUxBENMZ67H9OxjMFKq0il62Y%2BffcEbDDfMgqD6rZm4fVuQ"
"2024-12-01","迪丽热巴日常侧拍","12.4万","https://tophub.today/l?e=1aecYE9NWkr7uuSTtTDe%2F1xTb7s4V1NaIffF8Wt6tLGE8d5kl0BvAUyBcnoMlHmxR6wZyoAAodgcl2JjmyDnkUzhafxt92%2FZMAmWn9JKzPTef0Dyjd51nX6SqWj7nr8Xvgmr%2FfaCQln%2FaY8LYy85cw0yibRYQd%2B8lKb0M3pfBY4rUwRtcMikW9TnC0jvnVD6Ooz5Pz6kKThhM1ajo5WP4o%2BHUc9mo47Uz4NLYE%2Fsb6EWQzoO5WfjVIgSNuK0SzJRlO2vcVjnms8eoPiz6RJMWJ1BdDuQZTrrJ%2FW7RiM"
"2024-12-01","陈哲远抱小女孩路透","8.9万","https://tophub.today/l?e=9a0d7mTtpwBOBmsDU2XBW8VceijKSQNzmz6lAIFg3H51DeaiQKPFQ3kQnK9XOcDDjPXJ5sSD6RhlRkJhDrBofT%2BAkciWOE9wXuzR0dabu70jVkjOST7i%2BotIU8J1KmO1o2VC5GMIYrAtWMI8Bj4ixvPW0vkbX%2FNVb2plbw%2FeESzBQVKQg7NWRALmBj8M9B5bbx0n8uLqe6s9zk0k9Bav0CV%2B3CWnn2ewuVm%2BG05rYOkAkSeU3lxlja1%2FZpmVfsdYitLpkWtgvkndh2626IPXPNweRGnb3cpY7kwbCo5XYje5Vr1otuTWqAM0OxM"
"2024-12-01","虞书欣双轨丸子头眼镜造型","剧集 182257","https://tophub.today/l?e=e626RPzp3nig86XK9HKUwHJK00wNs82gkDWcoh2BvQW26Et0RAZWFVBSPXpOLns7LcJ4z6Ie0flw5QE4fv1agWeTrUgusMXegsBB5Y%2BAvj4gGS%2BXAYOh7So4F5q%2FwNX%2FznXOTHe8SCBZF47X5euB5muUELCY1InH0gmdKochS%2FJqOCUICL0BL3cfC5d2Ifw31ll24xRmJURFEx1RQuw%2Fom2R8qb%2BjaXLFZpyqLBXCr1V2SQj9LgLRzVLmNnpfWDdsxDlX5VwA4y%2Bjuq%2F2n3aGJa68%2FLzupVd4QkfDqDmmrPxTHtTg6hV530GJpJl%2FQ1Zdu7mTF2Qn%2FfDJuBOazuBEjw1VZzZj1Zl67EUhWB1dO%2BKxvnxFiswy5Y"
"2024-12-01","汪顺现身海洋奇缘2首映礼","电影 168254","https://tophub.today/l?e=5e2f8MWhEEnfSRKlHG79Cgh%2B2D0c3X77bMpFjAtxyCLjCwFlT4j4WvCyZuViFikF%2BVISGWrtHbDo%2FgNLs4jfOdXTBhjraVY8xHX6IDXYcPf2JVC9Rdqa56OUP1Xzrx7ohWz%2FP2wKWG69bhzoNLAr%2BO%2BmrO4EmhSMC1BiF45V3OTXCrni%2Bt82ifRZZlB1f3r94tFxgUc1%2FgrRnCdI%2BIR%2FN2GOlaSPKytrBOTVr1QZLStxLzzfI76m%2FEyrdbsBJCDyG1PpQth6D4i6t%2FyhqFb0vd586Vsv8nbEs3MttPaNZd%2FcSSgXq5wF1toCBvZQAH7YwP7ON5EVU8yYZ7mLJl1%2BNodhpW55NeDhnfJ%2F"
"2024-12-01","2025个税专项附加扣除信息确认开始","614.4万阅读 | @央视新闻","https://tophub.today/l?e=5707mxCUygiV6W4W%2FsXZCuriOPNBH765nzgcoy%2FNdoussf9IrFbAZdZ05LD7knJWhA7TKQyZNqQKDW1iAEEbZFBcx%2FV9dWgWB0PEqIwzO5LgRe43Bo9DOpfx4mZp3L5iwnvGkQJHILFIO%2B8MmATKbqC%2FLNqWGMnmsTG%2BCczQSJVQiTqsiJpKZjRLLzu%2Bn5rzrPRLe9ASK1nxzupz%2FRpEse0bOZ4L7mfLgas5vshth9KhGAcc8GtpmDop%2FD1AQt2jQAynNmOHYIYN82cG%2Fu9HUB7nqs1W9rBDR6wl6NZ1pq8tglOSxif0b97py80kwilqoC%2BxcvBs2dhduTGsZSJCg6rgjHJg1O8yuo%2FzRJcJDqQEL%2Foy%2BiAn6fB%2BT7166KnKqNA8du5H6%2F5uaQDuQRSlvua%2BDK9%2BUqXveLmx"
"2024-12-01","迪丽热巴贺思慕冬装造型","剧集 119768","https://tophub.today/l?e=80bcHbBU2hThjkZb9oKhpU1qQ3YEppcj2i2VVRX3NGTKVrVEu9UbDHOlE3WzThV%2BjAv15r18k1yI5hkSj89DII3xmRThWqcLCUjn2L3CYwNDlpcQ7rX8QTEL%2FpxTAWjVfuIBzs77thrtufn03aitgasjE5vmFwsm6wI%2FRkkAYuqHWzhkLmN%2FwrhVEvZO51GXka3vctuzcVmX9fBwInEnRGj4iHhfMmVjwh5KyInfhzyfRAEScXVEtNw50kkUAI%2FAOYfy%2FBF%2BXuphSBgRHMXm4yyNon7jmcyeoIzkLVjIb4TJFi9sbcl4HA%2FVVbJxAhFjxcTZB156gBfjjP2Tk1%2BsgkkTvugPPMdvy6M"
"2024-12-01","马龙打棒球","11.6万","https://tophub.today/l?e=3921zMb1NcPD9pO21sn8ig89FOcF%2FOB9a8iF8zj8kbJD6GaVHFZY5ubtjjbkOb638HK8s0P1IOtx3CSYBsfKihz9C%2FYXQhvmqrXAIW47lt%2BWbdnnDmnTh97iOJ3tmWSGN81P11%2BoQe1mkptEf3NAvb5zLd13t%2FvXyzRwFHNuLTkNN68vuM89b8jxAiDmwubOndrl35ELiwmqiaKz5PO8uSjZHlx2FqhrJaHuqAsMnmA"
"2024-12-01","福宝看到鲜脆的笋都要跑起来了","12.6万","https://tophub.today/l?e=df60I3YW7veRq16MKlxeaQ1dwsQOkSKGobKCCqnf394reH1HljJidhf5%2BBGM35qR34%2BkmbFqv2zQSh5T4Vu47eHQMYHS4IsWO20tJUNmrB5JphOG1Jm6QXgazeQjrkzjyvzewkDnTzx295%2BtyxvyqRP2jK%2Bu29tMQed82qTr%2F1NMkvWKwGkB8ksm1Mwp9iWVGVBATSc%2BStVPPmljOadpuWGS46piBit9rgpri3%2F3AfAOrLai8Y%2BQCpvpQknzH%2FbFa6il30dYJSu2rywAy5ejqYVHfcGAy5EWk6KF5bguEup%2ByytAbOpZByPTj7Sh951iqXCsWUiFu1M0iYZLy2%2FYJtPezyAC0eRaKNX9yC03pLBaWo8XRniJuP9XNuKV8l9cSVqy6qMNrpbTZfHDEuqqCCF9%2F8zUQH4"
"2024-12-01","刘宇宁十二月行程图送达","36.9万","https://tophub.today/l?e=eb265kDn8O4ST%2BsjQB8PyFR7n25DljjtC8aL%2Fgst%2B1EwusHsYj3ysQ66kmijfUNaUua5pW2STaU89HQSfUpyhLPiuiYJcS94eZjQ0jNdkutXaNaZiqRH%2BPpVXiweciDofFOyT5K%2Fi0esIVhuTMIraUvB9guSgNxcO0Maq7Z6bCo33d51S4irql8iB5mURKgXN9lt5729lwBnbtmNRmLhRQxYUc85iLqdecCT1ni1nDL39e8Vr5hYQFaLCWlQrPKZDsJejeTiX%2Bot%2BCJdbegAMAkX9Ic8meG%2Bo%2FG8Zh6dCo49yW3hnEdxJNQsGzQJ0tNlm%2BbVAGSUEZlVf1x7AfGmWdPiPkCCrJ5U%2BKk"
"2024-12-01","王源丁程鑫好六上班","综艺 104915","https://tophub.today/l?e=83cbtEaJJ2wc8qxuqgG6knSpkeQAVHmVTu88Xw2mY8hnaRgA9mOgQcWb2l3mfRx0ICYgN2SBO92XHEY740D3rWFV0hqjNiHG3m9nWVH9Ot8FZIr%2B2wHw9O3qwfUAJXUwkGXqW2O%2BB03EJsZADgiQp4BtKIxP8Rqwq5TRKiE6SVU%2BOfaHY3yL64wd8iKJUeE0wL8itJf2KRKNTuS%2B8PAdulpd3GXff7CcZQfL7PzpRzC6e0zDq2H17ctFOG8NAO6gcfmJQUYgRtE8xUDxpjwsK9fWr1581MBFPEFvUsKQWVH%2BbCjzTQU9eG536z0"
"2024-12-01","朱易clean","12.5万","https://tophub.today/l?e=9e1bc%2FUiSKMVZZhBif5Va%2BKHIEFGhR2KUP0FctuHnbtQq8tYpGfK5%2BFCqClVyPx7dptxsShuc5OB7Y0zrwsT8u5i25%2BG0D0aCU%2FPZdW3IneVx7fD%2FOpFb0o9NgYejfx8e6mfaWrzv8TcL6wXbXRneSxcSGYKUokDvjs9%2BiQwTI4srZBnLyzl0w"
"2024-12-01","鹿晗拒绝放十二月的奇迹","17.1万","https://tophub.today/l?e=a097%2F7a9XwbWIJ2zT8UQ24jhG0lBiOp15by1YkC0HguVfDPOb5pO1uxHsW%2BHyxlXA9HcPVY0Rsh4MydePUTcViezvCQWYMa8DAiIwPpWUVfy05G99EFFq68meBozsZXrwOgPNOGp413z3VovindS7%2F7myEc90ciyr8bvAwUmsOawnLNINN7HtswcsERA8EPu9Jid0EpINItxl6hE16S8OfLroPB1akBgr9S6tJ1dj1sBUGccAANdOg3DtdbGhBj5JfQ0B1cVqAynWqo%2FC%2Fwt5Jjxrfv7YJbvZKv%2FhEtZvd4VjTArYmJfgi6YvLXpTkLwklMLFN6an%2BUPqBmWbGhyah1hZeLd5JV4NG4"
"2024-12-01","国考笔试成绩明年1月可查","1444.7万阅读 | @央视网","https://tophub.today/l?e=8196cnIQZIn%2FSu0RJSOkY1vhPMLMIHNRzMYTXZIZbimUp9FyyUG1NSYF9yS8ShuOvjGmMi2BmAW0qSRBm3hzNVTMLqFr9vLu78Saa3D3PiAhUoNqt3LQ6dHejaybCeQn%2Fayyhx98WRRZYdY6DN01GbXkwIvex3PaGXPWNLoF5N7yp2HbyPU5DTi9wvfIbstXqmc%2FUVtC4e3QF4g59L%2FerSe%2FWB38OAm%2F0A383cyKwSMpttYHbivPpSXlrQC9%2FcSpdmU5msieeoKdbms6fxsgq7zuQVdsVB8Gm5kDT1NnBfHMA0HzJK2XXt5lTU2lgYhn9AmwA7lg6NQ5ifenixFrokHsDMza6EiWv3Ac"
"2024-12-01","催收班培训三天收五千至一万元","237.4万阅读 | @时代周报","https://tophub.today/l?e=8fe1EkVb%2BCBZporheGS4TK%2BTMsJuEJfdNCv5kqnvfoxFXBV%2BgoomObyK7qH8JvdeM6obRyWUJPQJpDO2wXfkB92BImvb0haByKBAt2G0MHVPSsAtE7JLAAuBWuqqzwNWxEe4RKzABNUkfHwMVWxitrEbaeQ3XUQWPV8jpjkhDlMVCdgLi2tzRy4RgDaKJDlS3LCG%2BAw9V9b%2FwASezbCXx0KaqQSgqJRMaAp4ogzHwK5s4Kgso4sH7bTnhYcHDTdNrig2ifXWXiM2lC4l0j1GMqnd4hoyH0WIfRusFRvaDU%2FijbOMIL8DEIRlg%2B1wCIAJdBS2owi34pj82QflCW6Dl9WerTPQsihqrdhpWdc%2Bxgk3XVSowp%2FnGTF5ICD1v0JUadVfxop9ReP5xKwGW1Ay2tWHtunVXpM"
"2024-12-01","虞书欣视频在卖什么关子","11.5万","https://tophub.today/l?e=8cbfvOPLPG30%2BXn%2FKYCmMAP5ptDsXwxl0j51y0%2BotC8AxdKrGUOSN5XPskhkkgbtMS%2BgNJUvasObzsKnnChTtpXQA71U0XoqzcfFR1YrnZ6RTN%2FbN7bUo039RBdqyi0RpV30yXjOWwbtJetUQuTb5gi7f8YcBBbkUHmjlFGFwM04KYm9NIoPV3UiGCcaa%2BVPmWgxqjum6PvsIx4OKPsy%2BuMoXJBvVpOxsthOLWzBGezg%2Fc9aaar97dmUM1ucfN3B6PShhrWisqAb5wQmnsJay9dR0zqJpsNzvH5cgEk9jgqUZZmzwu%2BeciDEOhtUs9Q4o9w7KzTtPi3gxMYgzLUUduT1GBkqP4h3YGI"
"2024-12-01","500多斤大猫压在身上睡觉是啥感觉","12.6万","https://tophub.today/l?e=1a42w2ObtuxWwWQ1oEdneFzUBOK5lLSz8qBcA6cphSQjyECU0yQmaMkj56McxEGaXPFalg423%2Bfgd6CBGhayTfGM%2FsQrKJOt4l3fvlJYRqGQkqDVCQWakDR5h72T%2B39dMKOjhtzlu4RxXAdItTgfLzRrsu7%2FwXOAC7kDG1qhrasIBJ7w1tzbsseeSWssGcmHgKAEETRMUaCaO3VVZQ6ZXMAZd6jFvRlDzk4DuNUg0IiC%2BYs0dmYOH9LUWANVtb8NDOHAuuEs08yZUNGZ2TiX4%2BHJdoeFxDoGcSdldjGJlLyAnHz%2FDEACqGHDJuRXeFsIEVGy2E%2Fj%2BZi4RHAyX6TIPhqwubcZgTCYiRgY%2BDEjo%2F9OrmO98n48PO43OFpDm1HcsqPHX1saq3jIR09u8V2%2F7YVJIPl1spK3k6c"
"2024-12-01","樊振东现身引起现场观众热烈反响","9.2万","https://tophub.today/l?e=80531vimcIazerJwPoUD5URoAFWWlqaAVrB8PomlQb5o1qz2Nd8SH9oatWUNCMVqQBID3zY5p2goeAJX8RaGdq48HmlyS1Asi7RYew5b22hWYC%2FLLc6lEv%2BBJInSvYX3RAV8VhKPiKrU8wSWTzaCAfmHuZfwVvdVmympxhg7tZmCNmWmIBK7GaXw8hRYyi%2BIXZIuYinPqg9EtLz55kUE5%2BLD7qtXo1ZCSG050PZJWereQW%2FrXr9hQmbBzDyN1Qtl72%2FbcT6LEoBQDhQ7MIQ4NOJ0eJoV69v5Zr8%2BbHht%2BWVpuQgtaGdQWw4nKu%2BrhB5MEW8Ec0ijT0Rcm3%2Bg0Kum7%2BjfDVZcUCHD6XKHR1DbcWXtAAbyeBEZXy6xnb1MoA58XGn4LFqiw46GrB7wgv%2BHUk1kuxh2pxkHuBiU7kxvsAOfv2zwEGI"
"2024-12-01","全家去日本旅行我爸非要用英文交流","13.7万","https://tophub.today/l?e=e722BkMGsip5fTSIu2yGBVx%2F9poq0KGFlvUcXroc6Bkv9LQGkpdcTqYqTJtgALpwJ0isQkWEW%2B53bj2lzy8E7%2Ff7ThB%2F1w1ZUG9tM0d7fLYj90%2Bhwrz51UlLo%2BFwBaX9jC9%2Bwe8H5jRKol6AMRKy3rLbbILlLIQ%2Fhoff9zKEZH%2BVbGy%2FNtEE6xcj14cZtjCoFc6q1PUo3xcWsue3dn78YZhoY%2BNsPajmYmaaSjFXa9k8A6zcPjfiv5%2BOaqeA4zF76Od1fFUHMcGfy%2Fw12nom%2FT16yE7iIg9W6FvmO7CIr3oIHXhh6s1%2FDT1f8g2ocNAwJfporKWwlWtCDL72MPuwrSQyWm3pt%2Bbf1%2BATFlgfjo6OvPD2h6KeSYDqzRyUfsGpHxYBJ6kJYONDGJE%2B8NNtFO4H3T7XNUqcqdsNXUgiEnUi1uFXX4lUZszDCEbtsG3vckCajeg"
"2024-12-01","成都为杜甫修了1000年的家","8.8万","https://tophub.today/l?e=f00c66p2%2BJw6iWl5OQYcCmUXIF2GtwnZ3dT3OSCUtElbFKSW%2FeQFKUyDRx76Sv%2FUGEus%2BqH2mZhq3IQInlk%2BnIULgskI7ARHGUklHRNAZ%2F275wVr%2FhD%2FNW3%2BNV%2B0yChjfCZR2kksXzj5aBXywQ%2FAjodPiJV9bCS3pcKVo7m26HryB55HrH1JVSVy%2F1uruWXU08x8ngKUIfqfyqj9CnR0QdzJRgzLwfhvgUqQqGOVhgwLA62LuzRWZf48VAOv33f7BO1m%2FbDRxqCMxPblf0UQC%2BXylII9609dkPZ7ptNTs934e7RZPcr9H0YiQF3meY6TxU6Dkglq66uFxH3ADQSH"
"2024-12-01","三人虚假摆拍救助流浪女视频被罚","","https://tophub.today/l?e=22d4dhu1ieWAF3JhOgeudHSZGNHwNXEuc8alkpcfkPQ1Cb5BU7d%2FVBiLRtjN2Zy8YT9jNjRK1jPr4cSKbDNb9NbCotacgijLQJoW%2BJhj%2BDIs36ufXmFOkXczbNmsqUzpkeFC3qHCCzEGRj8umHLKbB0gpwCXOllliWhkuwRUppiknZ6WVLjTUUZluv8sA34t%2FLT8lefSZhoe8pSWBrRJWEclkUsw5DGZRMgdTeBLeYThonjFQcXIwr7RUPOCuLsuMTmjacAKdt1rJc8qnu6ECdFhvh7JRXJghO2AeL224A5IeCl0pXj6li9iWytwT17Im%2BgoWq04j%2BspCZjCWXUtJ7Cvr3cQnb%2F5mG%2FSk8iYUcFaUz7WgRnV5RRlXnm0nYXx%2BtWN9qaIo%2B7iL5vO9IsZ3TWMzrDYi7qFqaBUcujLt6sw15f34b8"
"2024-12-01","太阳星辰凯晴下线","剧集 213869","https://tophub.today/l?e=c918qZh4NsgcKezYDP4QJeIYSfZnQ%2BrG5SfrWX2bWHyMPJRV6HyllwQf%2BDDhKQSRHk4a2UKxNbacRFFzwYIKAmvAiRXlJXZPL2d4Vs%2FiRzdF%2F4Wfp0FcEr2aglIQ427ff%2BQI%2FGo8YKkyr%2FBSjSzjQLU0kBiH8irAC4cRx3VKmjCaXTkpWWZG84h5GNGzX1qKy1JAgc1NZ8ZWVmtKEebt0k1OtUT%2FasS7cE%2FPTMqv%2F2c5RSKmZAs7ogkoD7WHFhmk%2B8FLRafiv4xawiUmA0gxlvgDhOOxsLV84Hmpf38"
"2024-12-01","朱志鑫苏新皓MV合照","8.9万","https://tophub.today/l?e=0d14RVp4IFyB52VpDag7D3qDZcIuWSSWxCM2wDJcjHz2EKWneVBbEof9YU1YObK9lXSjVo%2FgFPpHGKvyVMHFKhQUd787QOyBs1vp4WEPftoE%2Fm7YgO6E%2BJi0Y71TZgE2eqB0cr%2Fam22Vsh1%2Fg3wJUgEEXTFkxjuMLfWkU2ifuFPQrYhCWNm6oCSgy1XshEFyUIlFjdN6eguhDoF6f4erWT1%2F05fOODQdghBgXmtauGrjmG7P5iwkbfolk%2F74hUDrb85gt7pAkV%2BW8W143IjT3cmFu68AxdBjuhTmLK89eQ"
"2024-12-01","会长回应夺国内男子第一","8.5万","https://tophub.today/l?e=fbb2guCZt5pSNoPhhmlmwy9JSeEseHRyMjNe%2FU%2B4qFfzwuVapAb34JlVK1o3C%2B1FL4tt%2BtenS%2F6RTLqQ8l%2BUPMZzjcIRx5JSn5UtEQKa1jjd7ntx%2FVIdMYWfY5HR0YBmt%2F08IXKgTzrEDIXK2lGA27RfOsh3CXhiFwEe9LR9zMTMoiWnNVAMLABNei34dDFZ9b9eEvdoBv9DA2p3khhnVqOgAPsHi74%2FxeTkRP1TWMPwU92ol6hb9gpTeCpgfSil4ZsKoiNlwvVywKx1yXVKy%2BPr7a5t88KYZf1YzD%2BOwOI7CH8Fr1eCJv6KTdv0iEC%2BbifOx%2FPCJqxkjdpqCRFfILOyVK1Z7EkVdRo"
"2024-12-01","菲律宾一村庄村民分食海龟致3人死亡","26.8万","https://tophub.today/l?e=8a43BSoPejV3L3LLtmT3VvfdL8%2Fs%2F5acJkXfb6HllDtQxTVrS93YaKMfCdbrmw9LJnklGnIfQCphHLeLISXDE%2FuGb5PYC2SPTWt2gFSG6krmpGIXDje1YxqR4BIc7JbibkT7QXQoKP%2FZ%2F2%2FqWba9O7fVbcbykvy%2Fr8RncbMz9uveRvKOesUsspszGs3Dh%2Fh4%2BLx%2BTBpL2wkETg9Edqjx9xeSH06il%2Fh82MIGDV%2B4qcOZO9AffglW2iygIgmxMqdlrh8xM2OhCkbqLUG%2BmJIx9TBkm%2F4krdJuVF%2B94Wk0iZZXViq6zgqQmoZ%2Bgc%2FaqO3gUCCFoB%2BiQfD8%2FdLlKvpqWfanhra18CP3AssZQSg2Le3S7HkrBeOF3480I24LgPp8bbAEfX%2BV01%2Bmp8P9%2F%2BQ6PmgxwuWGS%2BrdKGqP%2FcrXUrAf6ZKmiOGQy9v0CPNGhpUiorpAEoTM"
"2024-12-01","律师称网友有权抵制李行亮商演","演出 114607","https://tophub.today/l?e=3c39SXB%2B2Kg6lQ1RTAU%2BaXNgQ6lxrmTOXg5Ap%2Fd7qo%2BG%2BOvNoBfbf1e6FIDmGuca11sOdjBhB9GD3jFM91ZBCDoEPVJBiluGMAnLE29JaiMpa2Y1eRftQGOl9rkeV9LTVdzfAj659bXX44naKj1jM%2F4bTUp%2FFzDLChi1G2u6uAgvdzo9wE9Fg%2FS9oW4WR4gw3N1rJ1Fz0qgExeNbmavoebVCIcQ%2BWpi39SKF7sIZ%2F4oXLYMEqENGoU5LLV5AHm6chuZ4Heo51EDK47%2B9Z58VCXTHHa%2FQaYIHIGs4QQ5LG9UtH9vBXUyBrwDI%2FQNra3oNiNySlSqztdcXk9hjs%2FAiXirTk7Nfhg4QX2708ECilUZTO%2BP1zc2Id4cNKHcIYutccKe2JAX2hYBCjlTH4f818dDZeHrBBr0"
"2024-12-01","莎头组合合体","14.9万","https://tophub.today/l?e=01c60ZvwaPLljJOvpr1tHNarUeXlBZ2%2B5hpaYoXiJ7q7g9o73IfnrI86Y45LN%2FYKJa3tV6JKOAhkvcF2V08pQAA25i3HcpeGiCqpsZR4ispUzOKkqCNr86QFocCiBZkHzzO0FQTTsxjQUxGG8lLY6IqvL%2B6Ikwiad%2BN293SMwPVkVGre7u3yNpWdKpL3qWyLE%2BZMY39UNqu%2BZVljjtxa%2FtMivT23p0Ut6cqfwKyOWeicoMpeAx7x1HzgJRSZIOU"
"2024-12-01","双轨换导演","剧集 107214","https://tophub.today/l?e=f746sMtillTMG1PMizc4pOU2TMIgWNaDjF1UnFX%2B76X4VfkVdIrSIuzWIMOt8rxqenIBHmZGTGouol9Xm6Sq4%2FI4MNFx5aNu9SFQLHwKl2zfNxCs8MH1YT0ICj4Nint5fV%2FLIHuF2hnWGhT%2BQIRmoTUej9%2B2qpgh5PHp2FBk9wvqadeLzwz70gpwlrEIeILZbBgoCRbVAiZZSZfwiZf26fxu8KnPC%2Ba%2Fn2uEQ5SRjuE"
"2024-12-01","小伙捐出日军罪证2年后还在被网暴","14.8万","https://tophub.today/l?e=7ad1%2FGKUqZyop%2B%2BC%2F4gql3YE7Ls6NlAFGhe0kjixgiNq7G8CGop64a%2FgBnMTDJnSXzBZ86BRFxLixDILILGQISrwUJVIQ70uHeGyFwfHiWKxyUk7vs7o6iFOppX8gzKAWyG4eCksENNwKP5ssLtXzgsBjsRPQgNvMaH1nSYtvdwyjKnfbkGwkTV%2BLFXh5HGWhuhenPWvWyMW7CA8DeaHWIdgXJ8QRkH9KDZAzDJ5bUwKXKuTpVlkJyLP7J%2Biy%2BUl5qNATwvbofkIhB7mrGMbJgIdXLH8L619qm4b9E%2FbUUozsXqZyz%2BoMpXFzIwEMWuvPAIPeQJN4pxRK71Rqj1VydT5rhrc%2BAI4ugxhh%2FrSxTsIW80b%2B5VBJ1VD90m1Hfy89hopuw0OeEnmpqZhLMU6jtfhcIwjKkSLemVGMQFu9sPJWt9NxYwA"
"2024-12-01","Whiplash一位","音乐 120511","https://tophub.today/l?e=614dgfufZ7T8PXZC74klonqdTo8kvpbsI1oAbhRAjBSqNgE%2FhRCdaxh6Ro7UBamPDpfMyC0ktMof%2F6USVZl2CcZjjaLtQevzacnRfjB1RGCysiaz%2FN4lpGURP9L%2BgYEF7dXb1pQF%2BW8YJFnRABYaWJpLGrGMkOa9iAEFvVlzTitVkB6iiczJuYtmqQ"
"2024-12-01","以为是一套卷子没想到发下来一本书","3432.7万阅读 | @大河报","https://tophub.today/l?e=a653imwDjWjJzIF2okUdBJS50ytudhdZY4%2BpMgyC4i3rp%2BatTPPawKhjZqg%2BEwWLvvF5Z%2BMmQDrD%2FPCP5nhQb4qdTJ%2BowLa8r5eOhSwUP7aWC03PAokDV0Qz7eHOpY5SRwU0%2BzzTsXT8ZYcnQWfzQM3EAYb67UcYB2Rd%2Bve01cQMf4Nz4M6HTB8HALD9ldzgjI6L%2BTt0ARsr%2F8L8gCEtaRYyBJSPZhUTjonzHfZPIo9542OqcGQip3urGskI2HZIqlo%2FvDGNAMSqfOuF%2FXFmckUzkRWkI1J3XXyjhUftYlo9ai35mXhaa5GWTwH7qSe73wqvHdIHvrQ1BzMcCZwWOBxMLZIQw6CEO30itZL6YKjH7rJ6VA1VWdtKSd0KoGzDeia%2FE0FWAe3RNrJn8LsraJGaT4DLnpI0t8xEfeQPx%2FTNQOnf6Tfk3IzpoVD3STSgFuJodm4"
"2024-12-01","广州出现奇葩斑马线","629.7万阅读 | @广东广播电视台","https://tophub.today/l?e=b8a1R4Th6%2BNly16JHeqsAZNKS0AewR5TmzKba4seN2iHEHKi%2BUJwGGXneoPHVJ%2B5YWxLXchjjmv65izOahj1XrQxStys0t968Gq2FwuqZtDqT%2BuyCbfXyA7DcH%2F7uSclI6FvsrpkYr0H5unRs6OgwVU3v5i2bs9Vhj%2FCDdRXaVPqxwqa3sSD%2BHLk%2BHnmJ3Zxs%2F%2FHgqNqlHe27lWxHC3sXsN%2F9pBFb0Ym96OnpLUePdO0Rw4cJ769viy5Wmfq1XIdKB0cjRc%2FgsrYDR0bMDNGASzXGUlWxj419x5AKVMTT42QQXVF%2FIdKJSVePeI"
"2024-12-01","星光大赏抽门票","盛典 92282","https://tophub.today/l?e=362dcV7jzEqkcwwrDqDBnumlL6EWFPrOppyve0d7htStjTrmPpEsItQ8G48HNjE6wJ4B42BeSm2IOxPdp1Bb8nULmVyF9oNFf6mBvuaQiZ%2BhLCSiPkrF8k0LYMcSj6JJBv4hXvWSFhPxhxWHcpVz8dvYGEsUq0fWpyTX%2BiVZlY9EAuRzefd91j43EkQxXnvecIxB9mv8FIqnCdaxlo2cMBKhYLeNOIhc%2BRiKsvkuAfpxoC7B%2FI8ObN6aE%2BloWkQxcdM06XyrQw5LdgUVO3Y"
"2024-12-01","不靠攻略靠感觉的旅行有多爽","12.4万","https://tophub.today/l?e=c023jRfT9JstkCdmAfajlaHyPkd2F4gVYbh4xh9Y3hxSfan7zEQ5sQTOnr7K3d5qKK1Og081FlEYtge5sWb0VO3FWbmfdKszkdh8Ch50SgBF0%2FJHUZB4n%2F%2FbSwL%2Fj6CsaPvKSucHO7A88LEdokCf6%2Fc%2FZo19m%2B%2FXVXPPXWOWWUN5HMauLrSjppKMwqf%2BPI3lZAr5XSz22KpR6SCU1%2Fgn1MpGAU5RHp2kbXjxcPL1TNklx0Qnlya5UrSWqW18s%2BKeLoDNVI4AYoDQPn7KftnWrpg9e4mJVElIVH3MbdCRrp0iDj%2FfHhA7NwXn5nPOEdMIg04AXrDcaZAV1J4BKiVP2RO5XxSEdl7rsy4iE546DQVPiOOnqaOs9SVDioVxwVuAAf%2BiUuOVuyQ"
"2024-12-01","17岁中专生被7家企业疯抢妈妈骄傲","21.6万","https://tophub.today/l?e=b905pF3AtGUyn6Fqghc0BEWO3aneMh06MTaTNM1C%2BE9KWohdm2%2FvRWK3fMTJeMTcz%2BflMb4dO0clknjRapwwyoTcF4Ho1hvXRGyc36X94pf3sviECCfgRTJz7%2FxfgPPNNdlcl2dN%2F%2FbjKYIy5ihMc1eetuVNR97%2FVH2PCohx%2BBYoPLRI0PE8yP8FWVfeSUaZKw9J770qgdRiwdm6gGiyA0kEfI2ytOd%2BrwR6TsltxXehUVJdYz8oj8ocLyVCK9iTjQo5SIEd%2B7nrik%2BsJV3taoooNgN4QK2hRodyZYsCnrDJa6F8EJwkyvb0BV7Df%2FWZneE3cNwj5xTbYprZmPUVbnkvoRA9gkfksHFWDrjRUXRkhRMXvUfTuFEXePB9mKaVHNT9vj4GEErtdTRNQL1btgxWaOviifrxacw"
"2024-12-01","我国首型4米级直径的火箭","73.9万","https://tophub.today/l?e=1553kqBsI4sy9Bb5tyZPb1utPpB%2Fklhz231QDbBa37cDzvFuU4y2Tuf8iboI5x5Xe7WlyD0gnzeioE%2B9kHFVUOF43siruQCMVLkIZFurZhXZH8byNJw8uSvmeHellJMbn1Kigl3e0vd4M5Dskp%2Fpp2ZUByUQjPrUwsLMqGQx%2BsjhpP6ulkjkoS3iWHeRF241UjWubxvKkXJ%2B%2Bmnw4DggO68ONK2SKw07fOJDeXANGDlES7hb7j1qCqmhZNYybSOwL%2FSgfa4GKfI6uhjRsp6Ajr2k2FKl7VIvBepZ4y5JBngov5BaOejXejJ9yymnA48X3lAqMH1QKn2nAqk1dYsUJFlsrV%2FRz8d2J85q"
"2024-12-01","米卡参加了马拉松","11.9万","https://tophub.today/l?e=c620VOm%2F29bsTxVaCzcew6kNW%2BLvS0a0VswaSJss5nxEbTmE2LoIH9KaZEssTWKUtoutcrOvpF5rFPHwQsipfBD4I1pWv5B%2FUvviOSsxW1RVT3VlZNZjvBVzlM26s61UV8U0N8X9MRIPE3iAoouCmr5ZYFOYotoMcW5BNDrUoqQ0VevjPfTGvPI3h1g0YIXTfENz%2FEwRRslk8nht9Se8F9hak7kK4xYKUsASawELpJ%2BO7r6E4%2Fwqa9N8FBypCtRoUdOHUwfn%2FDpR8%2Fl%2Bz5HvGkcqh1i0ejYeu0qZRGI"
"2024-12-01","JDG官宣ALE加入","8.6万","https://tophub.today/l?e=ff66ZxK%2BoerM3tV61TN7fALaja7EIrcaHUBBhl1VXaxG7mNt7aksCPKbZqICaLaCZY10s%2FqvqiZuWPqYMU3HWjDNsuyx5L%2BIZlqQqWcsbpAX55lXLRwVqYsfxObK0LGxivO8hgLDGKaVZj0Ek5x%2FJUgmQjB8%2BEQItoesE14lkTfjfWi8p4BCx7iBuZoXDVRtvl6n7KelowlpobZiSsGqD5a9%2BFQV8VY"
"2024-12-01","8个奇特的冬日限定美景","196.0万阅读 | @人民日报","https://tophub.today/l?e=797ekTM%2Bt%2B86a8p0Du3vtmc6YIXpgAchh%2BbNAF79FS4sqBehl5so%2BbfXtVuJ7QbNEFMe%2Ft7GBlwQdG7ZhrYRI4FWrr69ljiQ%2Bg85Og26MGTV9cn6t5CyGugKUoWQWADv4gmV4OQ5Ht4l9fLtTP3YUgLwWmJlhsRraIXH3%2BTmVkg2XTo5e4sgAp2Ji0UFrVJ4keDtGMZIBvv%2B15XA6xlvoOdaBAxAeaSWvEuY6ryrqq0EErfm8keQ%2ByZuZhFIwDCtWBi0miCoO6y5iF0Ta2tw5t5j9CqdJdb26X2fVJW4OSDkV8DS0jEst%2Bu3Z8B%2F2YMA7rMmyMEgrwXP2gLP"